vertex_id,vertex_type,front_edges,sub_edges,front_vertexes,sub_vertexes
0,0,"[2610, 870]","[0, 1740]","[1, 30]","[1, 30]"
1,0,"[0, 2639, 871]","[1, 1769, 870]","[0, 2, 31]","[0, 2, 31]"
2,0,"[872, 1, 2668]","[2, 1798, 871]","[32, 1, 3]","[32, 1, 3]"
3,0,"[873, 2, 2697]","[872, 1827, 3]","[33, 2, 4]","[33, 2, 4]"
4,0,"[874, 3, 2726]","[1856, 873, 4]","[34, 3, 5]","[34, 3, 5]"
5,0,"[875, 4, 2755]","[874, 1885, 5]","[35, 4, 6]","[35, 4, 6]"
6,0,"[2784, 876, 5]","[1914, 875, 6]","[36, 5, 7]","[36, 5, 7]"
7,0,"[2813, 877, 6]","[1943, 876, 7]","[8, 37, 6]","[8, 37, 6]"
8,0,"[2842, 878, 7]","[8, 1972, 877]","[9, 38, 7]","[9, 38, 7]"
9,0,"[8, 2871, 879]","[9, 2001, 878]","[8, 10, 39]","[8, 10, 39]"
10,0,"[880, 9, 2900]","[10, 2030, 879]","[40, 9, 11]","[40, 9, 11]"
11,0,"[2929, 881, 10]","[880, 2059, 11]","[41, 10, 12]","[41, 10, 12]"
12,0,"[882, 11, 2958]","[2088, 881, 12]","[42, 11, 13]","[42, 11, 13]"
13,0,"[883, 12, 2987]","[882, 2117, 13]","[43, 12, 14]","[43, 12, 14]"
14,0,"[3016, 884, 13]","[2146, 883, 14]","[44, 13, 15]","[44, 13, 15]"
15,0,"[3045, 885, 14]","[884, 2175, 15]","[16, 45, 14]","[16, 45, 14]"
16,0,"[3074, 886, 15]","[16, 2204, 885]","[17, 46, 15]","[17, 46, 15]"
17,0,"[16, 3103, 887]","[17, 2233, 886]","[16, 18, 47]","[16, 18, 47]"
18,0,"[888, 17, 3132]","[18, 2262, 887]","[48, 17, 19]","[48, 17, 19]"
19,0,"[3161, 889, 18]","[888, 19, 2291]","[49, 18, 20]","[49, 18, 20]"
20,0,"[890, 19, 3190]","[2320, 889, 20]","[50, 19, 21]","[50, 19, 21]"
21,0,"[3219, 891, 20]","[890, 2349, 21]","[51, 20, 22]","[51, 20, 22]"
22,0,"[3248, 892, 21]","[2378, 891, 22]","[52, 21, 23]","[52, 21, 23]"
23,0,"[3277, 893, 22]","[892, 2407, 23]","[24, 53, 22]","[24, 53, 22]"
24,0,"[3306, 894, 23]","[24, 2436, 893]","[25, 54, 23]","[25, 54, 23]"
25,0,"[24, 3335, 895]","[25, 2465, 894]","[24, 26, 55]","[24, 26, 55]"
26,0,"[896, 25, 3364]","[26, 2494, 895]","[56, 25, 27]","[56, 25, 27]"
27,0,"[3393, 897, 26]","[896, 27, 2523]","[57, 26, 28]","[57, 26, 28]"
28,0,"[898, 27, 3422]","[2552, 897, 28]","[58, 27, 29]","[58, 27, 29]"
29,0,"[3451, 28]","[898, 2581]","[59, 28]","[59, 28]"
30,0,"[2611, 899, 1740]","[1741, 2610, 29]","[0, 60, 31]","[0, 60, 31]"
31,0,"[2640, 1769, 900, 29]","[1770, 899, 30, 2639]","[32, 1, 61, 30]","[32, 1, 61, 30]"
32,0,"[2669, 901, 30, 1798]","[2668, 900, 1799, 31]","[33, 2, 62, 31]","[33, 2, 62, 31]"
33,0,"[2698, 1827, 902, 31]","[32, 2697, 1828, 901]","[32, 34, 3, 63]","[32, 34, 3, 63]"
34,0,"[32, 2727, 1856, 903]","[1857, 33, 2726, 902]","[64, 33, 35, 4]","[64, 33, 35, 4]"
35,0,"[904, 33, 2756, 1885]","[34, 2755, 1886, 903]","[65, 34, 36, 5]","[65, 34, 36, 5]"
36,0,"[905, 34, 2785, 1914]","[904, 1915, 35, 2784]","[66, 35, 37, 6]","[66, 35, 37, 6]"
37,0,"[906, 35, 2814, 1943]","[1944, 905, 36, 2813]","[67, 36, 38, 7]","[67, 36, 38, 7]"
38,0,"[2843, 1972, 907, 36]","[906, 2842, 37, 1973]","[8, 68, 37, 39]","[8, 68, 37, 39]"
39,0,"[2872, 2001, 908, 37]","[2002, 907, 38, 2871]","[40, 9, 69, 38]","[40, 9, 69, 38]"
40,0,"[2030, 2901, 909, 38]","[2031, 908, 2900, 39]","[41, 10, 70, 39]","[41, 10, 70, 39]"
41,0,"[2930, 2059, 910, 39]","[40, 2929, 2060, 909]","[40, 42, 11, 71]","[40, 42, 11, 71]"
42,0,"[40, 2088, 2959, 911]","[41, 2958, 910, 2089]","[72, 41, 43, 12]","[72, 41, 43, 12]"
43,0,"[912, 41, 2988, 2117]","[42, 2987, 2118, 911]","[73, 42, 44, 13]","[73, 42, 44, 13]"
44,0,"[913, 42, 3017, 2146]","[912, 2147, 43, 3016]","[74, 43, 45, 14]","[74, 43, 45, 14]"
45,0,"[914, 43, 3046, 2175]","[2176, 913, 44, 3045]","[75, 44, 46, 15]","[75, 44, 46, 15]"
46,0,"[3075, 2204, 915, 44]","[914, 3074, 45, 2205]","[16, 76, 45, 47]","[16, 76, 45, 47]"
47,0,"[3104, 2233, 916, 45]","[2234, 915, 46, 3103]","[48, 17, 77, 46]","[48, 17, 77, 46]"
48,0,"[3133, 2262, 917, 46]","[2263, 916, 3132, 47]","[49, 18, 78, 47]","[49, 18, 78, 47]"
49,0,"[3162, 2291, 918, 47]","[48, 3161, 2292, 917]","[48, 50, 19, 79]","[48, 50, 19, 79]"
50,0,"[48, 2320, 3191, 919]","[49, 3190, 918, 2321]","[80, 49, 51, 20]","[80, 49, 51, 20]"
51,0,"[920, 49, 3220, 2349]","[50, 3219, 2350, 919]","[81, 50, 52, 21]","[81, 50, 52, 21]"
52,0,"[921, 50, 3249, 2378]","[920, 2379, 51, 3248]","[82, 51, 53, 22]","[82, 51, 53, 22]"
53,0,"[922, 51, 3278, 2407]","[2408, 921, 52, 3277]","[83, 52, 54, 23]","[83, 52, 54, 23]"
54,0,"[2436, 923, 52, 3307]","[922, 53, 2437, 3306]","[24, 84, 53, 55]","[24, 84, 53, 55]"
55,0,"[3336, 2465, 924, 53]","[2466, 923, 54, 3335]","[56, 25, 85, 54]","[56, 25, 85, 54]"
56,0,"[3365, 2494, 925, 54]","[2495, 924, 3364, 55]","[57, 26, 86, 55]","[57, 26, 86, 55]"
57,0,"[3394, 2523, 926, 55]","[56, 3393, 2524, 925]","[56, 58, 27, 87]","[56, 58, 27, 87]"
58,0,"[56, 2552, 3423, 927]","[57, 2553, 926, 3422]","[88, 57, 59, 28]","[88, 57, 59, 28]"
59,0,"[57, 3452, 2581]","[3451, 2582, 927]","[89, 58, 29]","[89, 58, 29]"
60,0,"[928, 2612, 1741]","[58, 2611, 1742]","[90, 61, 30]","[90, 61, 30]"
61,0,"[2641, 929, 58, 1770]","[928, 2640, 59, 1771]","[91, 60, 62, 31]","[91, 60, 62, 31]"
62,0,"[930, 59, 2670, 1799]","[1800, 929, 60, 2669]","[32, 92, 61, 63]","[32, 92, 61, 63]"
63,0,"[931, 60, 1828, 2699]","[930, 1829, 61, 2698]","[64, 33, 93, 62]","[64, 33, 93, 62]"
64,0,"[2728, 1857, 932, 61]","[1858, 931, 62, 2727]","[65, 34, 94, 63]","[65, 34, 94, 63]"
65,0,"[2757, 1886, 933, 62]","[2756, 932, 1887, 63]","[64, 66, 35, 95]","[64, 66, 35, 95]"
66,0,"[2786, 1915, 934, 63]","[64, 2785, 1916, 933]","[96, 65, 67, 36]","[96, 65, 67, 36]"
67,0,"[64, 2815, 1944, 935]","[65, 1945, 934, 2814]","[97, 66, 68, 37]","[97, 66, 68, 37]"
68,0,"[936, 65, 2844, 1973]","[66, 2843, 1974, 935]","[98, 67, 69, 38]","[98, 67, 69, 38]"
69,0,"[937, 66, 2873, 2002]","[936, 2872, 67, 2003]","[99, 68, 70, 39]","[99, 68, 70, 39]"
70,0,"[938, 67, 2902, 2031]","[2032, 937, 68, 2901]","[40, 100, 69, 71]","[40, 100, 69, 71]"
71,0,"[2931, 939, 68, 2060]","[938, 2061, 69, 2930]","[72, 41, 101, 70]","[72, 41, 101, 70]"
72,0,"[2960, 2089, 940, 69]","[2090, 939, 70, 2959]","[73, 42, 102, 71]","[73, 42, 102, 71]"
73,0,"[2118, 941, 70, 2989]","[2988, 940, 2119, 71]","[72, 74, 43, 103]","[72, 74, 43, 103]"
74,0,"[3018, 2147, 942, 71]","[72, 3017, 2148, 941]","[104, 73, 75, 44]","[104, 73, 75, 44]"
75,0,"[72, 3047, 2176, 943]","[73, 2177, 942, 3046]","[105, 74, 76, 45]","[105, 74, 76, 45]"
76,0,"[944, 73, 3076, 2205]","[74, 3075, 2206, 943]","[106, 75, 77, 46]","[106, 75, 77, 46]"
77,0,"[2234, 945, 74, 3105]","[944, 3104, 75, 2235]","[107, 76, 78, 47]","[107, 76, 78, 47]"
78,0,"[946, 75, 3134, 2263]","[2264, 945, 76, 3133]","[48, 108, 77, 79]","[48, 108, 77, 79]"
79,0,"[3163, 947, 76, 2292]","[2293, 946, 3162, 77]","[80, 49, 109, 78]","[80, 49, 109, 78]"
80,0,"[3192, 2321, 948, 77]","[2322, 947, 78, 3191]","[81, 50, 110, 79]","[81, 50, 110, 79]"
81,0,"[2350, 3221, 949, 78]","[3220, 948, 2351, 79]","[80, 82, 51, 111]","[80, 82, 51, 111]"
82,0,"[3250, 2379, 950, 79]","[80, 3249, 2380, 949]","[112, 81, 83, 52]","[112, 81, 83, 52]"
83,0,"[80, 3279, 2408, 951]","[2409, 81, 3278, 950]","[113, 82, 84, 53]","[113, 82, 84, 53]"
84,0,"[952, 81, 3308, 2437]","[82, 3307, 2438, 951]","[114, 83, 85, 54]","[114, 83, 85, 54]"
85,0,"[2466, 953, 82, 3337]","[952, 3336, 83, 2467]","[115, 84, 86, 55]","[115, 84, 86, 55]"
86,0,"[954, 83, 3366, 2495]","[2496, 953, 84, 3365]","[56, 116, 85, 87]","[56, 116, 85, 87]"
87,0,"[2524, 955, 84, 3395]","[2525, 954, 3394, 85]","[88, 57, 117, 86]","[88, 57, 117, 86]"
88,0,"[3424, 2553, 956, 85]","[2554, 955, 86, 3423]","[89, 58, 118, 87]","[89, 58, 118, 87]"
89,0,"[3453, 86, 2582]","[3452, 956, 2583]","[88, 59, 119]","[88, 59, 119]"
90,0,"[2613, 957, 1742]","[1743, 2612, 87]","[120, 91, 60]","[120, 91, 60]"
91,0,"[2642, 1771, 958, 87]","[88, 2641, 1772, 957]","[121, 90, 92, 61]","[121, 90, 92, 61]"
92,0,"[88, 1800, 2671, 959]","[1801, 89, 2670, 958]","[122, 91, 93, 62]","[122, 91, 93, 62]"
93,0,"[960, 89, 2700, 1829]","[90, 2699, 1830, 959]","[123, 92, 94, 63]","[123, 92, 94, 63]"
94,0,"[961, 90, 2729, 1858]","[960, 1859, 91, 2728]","[64, 124, 93, 95]","[64, 124, 93, 95]"
95,0,"[962, 91, 2758, 1887]","[1888, 961, 92, 2757]","[96, 65, 125, 94]","[96, 65, 125, 94]"
96,0,"[1916, 963, 92, 2787]","[2786, 962, 1917, 93]","[97, 66, 126, 95]","[97, 66, 126, 95]"
97,0,"[2816, 1945, 964, 93]","[1946, 963, 94, 2815]","[96, 98, 67, 127]","[96, 98, 67, 127]"
98,0,"[2845, 1974, 965, 94]","[1975, 964, 2844, 95]","[128, 97, 99, 68]","[128, 97, 99, 68]"
99,0,"[2874, 2003, 966, 95]","[96, 2873, 2004, 965]","[129, 98, 100, 69]","[129, 98, 100, 69]"
100,0,"[96, 2032, 2903, 967]","[2902, 97, 2033, 966]","[130, 99, 101, 70]","[130, 99, 101, 70]"
101,0,"[968, 97, 2932, 2061]","[98, 2931, 2062, 967]","[131, 100, 102, 71]","[131, 100, 102, 71]"
102,0,"[969, 98, 2090, 2961]","[968, 2091, 99, 2960]","[72, 132, 101, 103]","[72, 132, 101, 103]"
103,0,"[970, 99, 2990, 2119]","[2120, 969, 100, 2989]","[104, 73, 133, 102]","[104, 73, 133, 102]"
104,0,"[2148, 971, 100, 3019]","[3018, 970, 2149, 101]","[105, 74, 134, 103]","[105, 74, 134, 103]"
105,0,"[3048, 2177, 972, 101]","[2178, 971, 102, 3047]","[104, 106, 75, 135]","[104, 106, 75, 135]"
106,0,"[3077, 2206, 973, 102]","[2207, 972, 3076, 103]","[136, 105, 107, 76]","[136, 105, 107, 76]"
107,0,"[3106, 2235, 974, 103]","[104, 3105, 2236, 973]","[137, 106, 108, 77]","[137, 106, 108, 77]"
108,0,"[104, 3135, 2264, 975]","[3134, 105, 2265, 974]","[138, 107, 109, 78]","[138, 107, 109, 78]"
109,0,"[976, 105, 3164, 2293]","[106, 3163, 2294, 975]","[139, 108, 110, 79]","[139, 108, 110, 79]"
110,0,"[977, 106, 2322, 3193]","[976, 2323, 107, 3192]","[80, 140, 109, 111]","[80, 140, 109, 111]"
111,0,"[978, 107, 3222, 2351]","[2352, 977, 108, 3221]","[112, 81, 141, 110]","[112, 81, 141, 110]"
112,0,"[979, 108, 3251, 2380]","[3250, 978, 2381, 109]","[113, 82, 142, 111]","[113, 82, 142, 111]"
113,0,"[3280, 2409, 980, 109]","[2410, 979, 110, 3279]","[112, 114, 83, 143]","[112, 114, 83, 143]"
114,0,"[3309, 2438, 981, 110]","[2439, 3308, 980, 111]","[144, 113, 115, 84]","[144, 113, 115, 84]"
115,0,"[3338, 2467, 982, 111]","[112, 3337, 2468, 981]","[145, 114, 116, 85]","[145, 114, 116, 85]"
116,0,"[112, 3367, 2496, 983]","[3366, 113, 2497, 982]","[146, 115, 117, 86]","[146, 115, 117, 86]"
117,0,"[984, 113, 3396, 2525]","[114, 3395, 2526, 983]","[147, 116, 118, 87]","[147, 116, 118, 87]"
118,0,"[985, 114, 2554, 3425]","[984, 115, 3424, 2555]","[88, 148, 117, 119]","[88, 148, 117, 119]"
119,0,"[115, 3454, 2583]","[2584, 985, 3453]","[89, 149, 118]","[89, 149, 118]"
120,0,"[986, 2614, 1743]","[1744, 116, 2613]","[121, 90, 150]","[121, 90, 150]"
121,0,"[2643, 987, 116, 1772]","[1773, 986, 2642, 117]","[120, 122, 91, 151]","[120, 122, 91, 151]"
122,0,"[2672, 1801, 988, 117]","[1802, 987, 118, 2671]","[152, 121, 123, 92]","[152, 121, 123, 92]"
123,0,"[1830, 2701, 989, 118]","[2700, 988, 1831, 119]","[153, 122, 124, 93]","[153, 122, 124, 93]"
124,0,"[2730, 1859, 990, 119]","[120, 2729, 1860, 989]","[154, 123, 125, 94]","[154, 123, 125, 94]"
125,0,"[120, 2759, 1888, 991]","[121, 2758, 990, 1889]","[155, 124, 126, 95]","[155, 124, 126, 95]"
126,0,"[992, 121, 2788, 1917]","[122, 2787, 1918, 991]","[96, 156, 125, 127]","[96, 156, 125, 127]"
127,0,"[993, 122, 2817, 1946]","[992, 2816, 123, 1947]","[128, 97, 157, 126]","[128, 97, 157, 126]"
128,0,"[994, 123, 2846, 1975]","[1976, 993, 124, 2845]","[129, 98, 158, 127]","[129, 98, 158, 127]"
129,0,"[2875, 2004, 995, 124]","[2005, 994, 2874, 125]","[128, 130, 99, 159]","[128, 130, 99, 159]"
130,0,"[2904, 2033, 996, 125]","[2034, 995, 126, 2903]","[160, 129, 131, 100]","[160, 129, 131, 100]"
131,0,"[2933, 997, 126, 2062]","[2932, 996, 2063, 127]","[161, 130, 132, 101]","[161, 130, 132, 101]"
132,0,"[2962, 2091, 998, 127]","[128, 2961, 2092, 997]","[162, 131, 133, 102]","[162, 131, 133, 102]"
133,0,"[128, 2991, 2120, 999]","[2121, 129, 2990, 998]","[163, 132, 134, 103]","[163, 132, 134, 103]"
134,0,"[1000, 129, 3020, 2149]","[130, 3019, 2150, 999]","[104, 164, 133, 135]","[104, 164, 133, 135]"
135,0,"[1001, 130, 3049, 2178]","[1000, 3048, 131, 2179]","[136, 105, 165, 134]","[136, 105, 165, 134]"
136,0,"[1002, 131, 3078, 2207]","[2208, 1001, 132, 3077]","[137, 106, 166, 135]","[137, 106, 166, 135]"
137,0,"[3107, 2236, 1003, 132]","[1002, 3106, 133, 2237]","[136, 138, 107, 167]","[136, 138, 107, 167]"
138,0,"[3136, 2265, 1004, 133]","[2266, 1003, 134, 3135]","[168, 137, 139, 108]","[168, 137, 139, 108]"
139,0,"[2294, 3165, 1005, 134]","[2295, 1004, 3164, 135]","[169, 138, 140, 109]","[169, 138, 140, 109]"
140,0,"[3194, 2323, 1006, 135]","[136, 3193, 2324, 1005]","[170, 139, 141, 110]","[170, 139, 141, 110]"
141,0,"[136, 2352, 3223, 1007]","[137, 3222, 1006, 2353]","[171, 140, 142, 111]","[171, 140, 142, 111]"
142,0,"[1008, 137, 3252, 2381]","[138, 3251, 2382, 1007]","[112, 172, 141, 143]","[112, 172, 141, 143]"
143,0,"[1009, 138, 3281, 2410]","[1008, 2411, 139, 3280]","[144, 113, 173, 142]","[144, 113, 173, 142]"
144,0,"[1010, 139, 3310, 2439]","[2440, 1009, 140, 3309]","[145, 114, 174, 143]","[145, 114, 174, 143]"
145,0,"[3339, 2468, 1011, 140]","[1010, 3338, 141, 2469]","[144, 146, 115, 175]","[144, 146, 115, 175]"
146,0,"[3368, 2497, 1012, 141]","[2498, 1011, 142, 3367]","[176, 145, 147, 116]","[176, 145, 147, 116]"
147,0,"[3397, 2526, 1013, 142]","[2527, 1012, 3396, 143]","[177, 146, 148, 117]","[177, 146, 148, 117]"
148,0,"[3426, 2555, 1014, 143]","[144, 3425, 2556, 1013]","[178, 147, 149, 118]","[178, 147, 149, 118]"
149,0,"[144, 2584, 3455]","[2585, 3454, 1014]","[179, 148, 119]","[179, 148, 119]"
150,0,"[1744, 2615, 1015]","[145, 1745, 2614]","[120, 180, 151]","[120, 180, 151]"
151,0,"[1016, 145, 2644, 1773]","[146, 2643, 1774, 1015]","[152, 121, 181, 150]","[152, 121, 181, 150]"
152,0,"[2673, 1017, 146, 1802]","[1016, 1803, 147, 2672]","[153, 122, 182, 151]","[153, 122, 182, 151]"
153,0,"[1018, 147, 2702, 1831]","[1832, 1017, 148, 2701]","[152, 154, 123, 183]","[152, 154, 123, 183]"
154,0,"[1019, 148, 2731, 1860]","[2730, 1018, 1861, 149]","[184, 153, 155, 124]","[184, 153, 155, 124]"
155,0,"[2760, 1889, 1020, 149]","[1890, 1019, 150, 2759]","[185, 154, 156, 125]","[185, 154, 156, 125]"
156,0,"[2789, 1918, 1021, 150]","[2788, 1020, 1919, 151]","[186, 155, 157, 126]","[186, 155, 157, 126]"
157,0,"[2818, 1947, 1022, 151]","[152, 2817, 1948, 1021]","[187, 156, 158, 127]","[187, 156, 158, 127]"
158,0,"[152, 2847, 1976, 1023]","[153, 1977, 1022, 2846]","[128, 188, 157, 159]","[128, 188, 157, 159]"
159,0,"[1024, 153, 2876, 2005]","[154, 2875, 2006, 1023]","[160, 129, 189, 158]","[160, 129, 189, 158]"
160,0,"[2905, 1025, 154, 2034]","[1024, 2904, 155, 2035]","[161, 130, 190, 159]","[161, 130, 190, 159]"
161,0,"[1026, 155, 2934, 2063]","[2064, 1025, 156, 2933]","[160, 162, 131, 191]","[160, 162, 131, 191]"
162,0,"[1027, 156, 2092, 2963]","[1026, 2093, 157, 2962]","[192, 161, 163, 132]","[192, 161, 163, 132]"
163,0,"[2992, 2121, 1028, 157]","[2122, 1027, 158, 2991]","[193, 162, 164, 133]","[193, 162, 164, 133]"
164,0,"[3021, 2150, 1029, 158]","[3020, 1028, 2151, 159]","[194, 163, 165, 134]","[194, 163, 165, 134]"
165,0,"[3050, 2179, 1030, 159]","[160, 3049, 2180, 1029]","[195, 164, 166, 135]","[195, 164, 166, 135]"
166,0,"[160, 3079, 2208, 1031]","[161, 2209, 1030, 3078]","[136, 196, 165, 167]","[136, 196, 165, 167]"
167,0,"[1032, 161, 3108, 2237]","[162, 3107, 2238, 1031]","[168, 137, 197, 166]","[168, 137, 197, 166]"
168,0,"[2266, 1033, 162, 3137]","[1032, 3136, 163, 2267]","[169, 138, 198, 167]","[169, 138, 198, 167]"
169,0,"[1034, 163, 3166, 2295]","[2296, 1033, 164, 3165]","[168, 170, 139, 199]","[168, 170, 139, 199]"
170,0,"[3195, 1035, 164, 2324]","[1034, 2325, 165, 3194]","[200, 169, 171, 140]","[200, 169, 171, 140]"
171,0,"[3224, 2353, 1036, 165]","[2354, 1035, 166, 3223]","[201, 170, 172, 141]","[201, 170, 172, 141]"
172,0,"[2382, 1037, 166, 3253]","[3252, 1036, 2383, 167]","[202, 171, 173, 142]","[202, 171, 173, 142]"
173,0,"[3282, 2411, 1038, 167]","[168, 3281, 2412, 1037]","[203, 172, 174, 143]","[203, 172, 174, 143]"
174,0,"[168, 3311, 2440, 1039]","[169, 2441, 3310, 1038]","[144, 204, 173, 175]","[144, 204, 173, 175]"
175,0,"[1040, 169, 3340, 2469]","[170, 3339, 2470, 1039]","[176, 145, 205, 174]","[176, 145, 205, 174]"
176,0,"[2498, 1041, 170, 3369]","[1040, 3368, 171, 2499]","[177, 146, 206, 175]","[177, 146, 206, 175]"
177,0,"[1042, 171, 3398, 2527]","[2528, 1041, 172, 3397]","[176, 178, 147, 207]","[176, 178, 147, 207]"
178,0,"[3427, 1043, 172, 2556]","[2557, 1042, 173, 3426]","[208, 177, 179, 148]","[208, 177, 179, 148]"
179,0,"[3456, 2585, 173]","[2586, 1043, 3455]","[209, 178, 149]","[209, 178, 149]"
180,0,"[2616, 1745, 1044]","[1746, 174, 2615]","[210, 181, 150]","[210, 181, 150]"
181,0,"[1774, 2645, 1045, 174]","[1775, 1044, 2644, 175]","[211, 180, 182, 151]","[211, 180, 182, 151]"
182,0,"[2674, 1803, 1046, 175]","[176, 2673, 1804, 1045]","[152, 212, 181, 183]","[152, 212, 181, 183]"
183,0,"[176, 1832, 2703, 1047]","[177, 2702, 1046, 1833]","[184, 153, 213, 182]","[184, 153, 213, 182]"
184,0,"[1048, 177, 2732, 1861]","[178, 2731, 1862, 1047]","[185, 154, 214, 183]","[185, 154, 214, 183]"
185,0,"[1049, 178, 2761, 1890]","[1048, 1891, 179, 2760]","[184, 186, 155, 215]","[184, 186, 155, 215]"
186,0,"[1050, 179, 2790, 1919]","[1920, 1049, 180, 2789]","[216, 185, 187, 156]","[216, 185, 187, 156]"
187,0,"[2819, 1948, 1051, 180]","[1050, 2818, 181, 1949]","[217, 186, 188, 157]","[217, 186, 188, 157]"
188,0,"[2848, 1977, 1052, 181]","[1978, 1051, 182, 2847]","[218, 187, 189, 158]","[218, 187, 189, 158]"
189,0,"[2877, 2006, 1053, 182]","[2007, 1052, 2876, 183]","[219, 188, 190, 159]","[219, 188, 190, 159]"
190,0,"[2906, 2035, 1054, 183]","[184, 2905, 2036, 1053]","[160, 220, 189, 191]","[160, 220, 189, 191]"
191,0,"[184, 2064, 2935, 1055]","[185, 2934, 1054, 2065]","[192, 161, 221, 190]","[192, 161, 221, 190]"
192,0,"[1056, 185, 2964, 2093]","[186, 2963, 2094, 1055]","[193, 162, 222, 191]","[193, 162, 222, 191]"
193,0,"[1057, 186, 2993, 2122]","[1056, 2123, 187, 2992]","[192, 194, 163, 223]","[192, 194, 163, 223]"
194,0,"[1058, 187, 3022, 2151]","[2152, 1057, 188, 3021]","[224, 193, 195, 164]","[224, 193, 195, 164]"
195,0,"[2180, 1059, 188, 3051]","[1058, 3050, 189, 2181]","[225, 194, 196, 165]","[225, 194, 196, 165]"
196,0,"[3080, 2209, 1060, 189]","[2210, 1059, 190, 3079]","[226, 195, 197, 166]","[226, 195, 197, 166]"
197,0,"[3109, 2238, 1061, 190]","[2239, 1060, 3108, 191]","[227, 196, 198, 167]","[227, 196, 198, 167]"
198,0,"[3138, 2267, 1062, 191]","[192, 3137, 2268, 1061]","[168, 228, 197, 199]","[168, 228, 197, 199]"
199,0,"[192, 2296, 3167, 1063]","[193, 2297, 1062, 3166]","[200, 169, 229, 198]","[200, 169, 229, 198]"
200,0,"[1064, 193, 3196, 2325]","[194, 3195, 2326, 1063]","[201, 170, 230, 199]","[201, 170, 230, 199]"
201,0,"[1065, 194, 2354, 3225]","[1064, 2355, 195, 3224]","[200, 202, 171, 231]","[200, 202, 171, 231]"
202,0,"[1066, 195, 3254, 2383]","[2384, 1065, 196, 3253]","[232, 201, 203, 172]","[232, 201, 203, 172]"
203,0,"[2412, 1067, 196, 3283]","[3282, 1066, 2413, 197]","[233, 202, 204, 173]","[233, 202, 204, 173]"
204,0,"[3312, 2441, 1068, 197]","[2442, 1067, 198, 3311]","[234, 203, 205, 174]","[234, 203, 205, 174]"
205,0,"[3341, 2470, 1069, 198]","[2471, 1068, 3340, 199]","[235, 204, 206, 175]","[235, 204, 206, 175]"
206,0,"[3370, 2499, 1070, 199]","[200, 3369, 2500, 1069]","[176, 236, 205, 207]","[176, 236, 205, 207]"
207,0,"[200, 2528, 3399, 1071]","[201, 2529, 1070, 3398]","[208, 177, 237, 206]","[208, 177, 237, 206]"
208,0,"[1072, 201, 3428, 2557]","[202, 3427, 2558, 1071]","[209, 178, 238, 207]","[209, 178, 238, 207]"
209,0,"[3457, 202, 2586]","[1072, 2587, 3456]","[208, 179, 239]","[208, 179, 239]"
210,0,"[1073, 1746, 2617]","[2616, 203, 1747]","[240, 211, 180]","[240, 211, 180]"
211,0,"[1074, 203, 2646, 1775]","[1776, 1073, 204, 2645]","[241, 210, 212, 181]","[241, 210, 212, 181]"
212,0,"[2675, 1075, 204, 1804]","[1074, 1805, 205, 2674]","[242, 211, 213, 182]","[242, 211, 213, 182]"
213,0,"[2704, 1833, 1076, 205]","[1834, 1075, 206, 2703]","[243, 212, 214, 183]","[243, 212, 214, 183]"
214,0,"[1862, 1077, 206, 2733]","[2732, 1076, 1863, 207]","[184, 244, 213, 215]","[184, 244, 213, 215]"
215,0,"[2762, 1891, 1078, 207]","[208, 2761, 1892, 1077]","[216, 185, 245, 214]","[216, 185, 245, 214]"
216,0,"[208, 2791, 1920, 1079]","[209, 1921, 1078, 2790]","[217, 186, 246, 215]","[217, 186, 246, 215]"
217,0,"[1080, 209, 2820, 1949]","[210, 2819, 1950, 1079]","[216, 218, 187, 247]","[216, 218, 187, 247]"
218,0,"[1978, 1081, 210, 2849]","[1080, 2848, 211, 1979]","[248, 217, 219, 188]","[248, 217, 219, 188]"
219,0,"[1082, 211, 2878, 2007]","[2008, 1081, 212, 2877]","[249, 218, 220, 189]","[249, 218, 220, 189]"
220,0,"[2907, 1083, 212, 2036]","[2037, 1082, 2906, 213]","[250, 219, 221, 190]","[250, 219, 221, 190]"
221,0,"[2936, 2065, 1084, 213]","[2066, 1083, 214, 2935]","[251, 220, 222, 191]","[251, 220, 222, 191]"
222,0,"[2094, 2965, 1085, 214]","[2964, 1084, 2095, 215]","[192, 252, 221, 223]","[192, 252, 221, 223]"
223,0,"[2994, 2123, 1086, 215]","[216, 2993, 2124, 1085]","[224, 193, 253, 222]","[224, 193, 253, 222]"
224,0,"[216, 3023, 2152, 1087]","[2153, 217, 3022, 1086]","[225, 194, 254, 223]","[225, 194, 254, 223]"
225,0,"[1088, 217, 3052, 2181]","[218, 3051, 2182, 1087]","[224, 226, 195, 255]","[224, 226, 195, 255]"
226,0,"[2210, 1089, 218, 3081]","[1088, 3080, 219, 2211]","[256, 225, 227, 196]","[256, 225, 227, 196]"
227,0,"[1090, 219, 3110, 2239]","[2240, 1089, 220, 3109]","[257, 226, 228, 197]","[257, 226, 228, 197]"
228,0,"[2268, 1091, 220, 3139]","[2269, 1090, 3138, 221]","[258, 227, 229, 198]","[258, 227, 229, 198]"
229,0,"[3168, 2297, 1092, 221]","[2298, 1091, 222, 3167]","[259, 228, 230, 199]","[259, 228, 230, 199]"
230,0,"[3197, 1093, 222, 2326]","[3196, 1092, 2327, 223]","[200, 260, 229, 231]","[200, 260, 229, 231]"
231,0,"[3226, 2355, 1094, 223]","[224, 3225, 2356, 1093]","[232, 201, 261, 230]","[232, 201, 261, 230]"
232,0,"[224, 3255, 2384, 1095]","[2385, 225, 3254, 1094]","[233, 202, 262, 231]","[233, 202, 262, 231]"
233,0,"[1096, 225, 3284, 2413]","[226, 3283, 2414, 1095]","[232, 234, 203, 263]","[232, 234, 203, 263]"
234,0,"[1097, 226, 3313, 2442]","[1096, 227, 2443, 3312]","[264, 233, 235, 204]","[264, 233, 235, 204]"
235,0,"[1098, 227, 3342, 2471]","[2472, 1097, 228, 3341]","[265, 234, 236, 205]","[265, 234, 236, 205]"
236,0,"[3371, 2500, 1099, 228]","[2501, 1098, 3370, 229]","[266, 235, 237, 206]","[266, 235, 237, 206]"
237,0,"[3400, 2529, 1100, 229]","[2530, 1099, 230, 3399]","[267, 236, 238, 207]","[267, 236, 238, 207]"
238,0,"[2558, 3429, 1101, 230]","[3428, 2559, 1100, 231]","[208, 268, 237, 239]","[208, 268, 237, 239]"
239,0,"[3458, 2587, 231]","[3457, 2588, 1101]","[209, 269, 238]","[209, 269, 238]"
240,0,"[2618, 1747, 1102]","[232, 2617, 1748]","[241, 210, 270]","[241, 210, 270]"
241,0,"[232, 1776, 2647, 1103]","[2646, 233, 1777, 1102]","[240, 242, 211, 271]","[240, 242, 211, 271]"
242,0,"[1104, 233, 2676, 1805]","[234, 2675, 1806, 1103]","[272, 241, 243, 212]","[272, 241, 243, 212]"
243,0,"[1105, 234, 1834, 2705]","[1104, 1835, 235, 2704]","[273, 242, 244, 213]","[273, 242, 244, 213]"
244,0,"[1106, 235, 2734, 1863]","[1864, 1105, 236, 2733]","[274, 243, 245, 214]","[274, 243, 245, 214]"
245,0,"[1892, 1107, 236, 2763]","[2762, 1106, 1893, 237]","[275, 244, 246, 215]","[275, 244, 246, 215]"
246,0,"[2792, 1921, 1108, 237]","[1922, 1107, 238, 2791]","[216, 276, 245, 247]","[216, 276, 245, 247]"
247,0,"[2821, 1950, 1109, 238]","[1951, 1108, 2820, 239]","[248, 217, 277, 246]","[248, 217, 277, 246]"
248,0,"[2850, 1979, 1110, 239]","[240, 2849, 1980, 1109]","[249, 218, 278, 247]","[249, 218, 278, 247]"
249,0,"[240, 2879, 2008, 1111]","[2878, 241, 2009, 1110]","[248, 250, 219, 279]","[248, 250, 219, 279]"
250,0,"[1112, 241, 2908, 2037]","[242, 2907, 2038, 1111]","[280, 249, 251, 220]","[280, 249, 251, 220]"
251,0,"[2937, 1113, 242, 2066]","[1112, 2067, 243, 2936]","[281, 250, 252, 221]","[281, 250, 252, 221]"
252,0,"[1114, 243, 2966, 2095]","[2096, 1113, 244, 2965]","[282, 251, 253, 222]","[282, 251, 253, 222]"
253,0,"[1115, 244, 2995, 2124]","[2994, 1114, 2125, 245]","[283, 252, 254, 223]","[283, 252, 254, 223]"
254,0,"[3024, 2153, 1116, 245]","[2154, 1115, 246, 3023]","[224, 284, 253, 255]","[224, 284, 253, 255]"
255,0,"[3053, 2182, 1117, 246]","[2183, 1116, 3052, 247]","[256, 225, 285, 254]","[256, 225, 285, 254]"
256,0,"[3082, 2211, 1118, 247]","[248, 3081, 2212, 1117]","[257, 226, 286, 255]","[257, 226, 286, 255]"
257,0,"[248, 3111, 2240, 1119]","[3110, 249, 2241, 1118]","[256, 258, 227, 287]","[256, 258, 227, 287]"
258,0,"[1120, 249, 3140, 2269]","[250, 3139, 2270, 1119]","[288, 257, 259, 228]","[288, 257, 259, 228]"
259,0,"[1121, 250, 2298, 3169]","[1120, 251, 3168, 2299]","[289, 258, 260, 229]","[289, 258, 260, 229]"
260,0,"[1122, 251, 3198, 2327]","[2328, 1121, 252, 3197]","[290, 259, 261, 230]","[290, 259, 261, 230]"
261,0,"[3227, 1123, 252, 2356]","[1122, 2357, 253, 3226]","[291, 260, 262, 231]","[291, 260, 262, 231]"
262,0,"[3256, 2385, 1124, 253]","[2386, 1123, 254, 3255]","[232, 292, 261, 263]","[232, 292, 261, 263]"
263,0,"[3285, 2414, 1125, 254]","[3284, 1124, 2415, 255]","[264, 233, 293, 262]","[264, 233, 293, 262]"
264,0,"[3314, 2443, 1126, 255]","[256, 3313, 2444, 1125]","[265, 234, 294, 263]","[265, 234, 294, 263]"
265,0,"[256, 3343, 2472, 1127]","[257, 2473, 1126, 3342]","[264, 266, 235, 295]","[264, 266, 235, 295]"
266,0,"[1128, 257, 3372, 2501]","[258, 3371, 2502, 1127]","[296, 265, 267, 236]","[296, 265, 267, 236]"
267,0,"[3401, 1129, 258, 2530]","[1128, 3400, 259, 2531]","[297, 266, 268, 237]","[297, 266, 268, 237]"
268,0,"[1130, 259, 3430, 2559]","[2560, 1129, 260, 3429]","[298, 267, 269, 238]","[298, 267, 269, 238]"
269,0,"[3459, 260, 2588]","[1130, 2589, 3458]","[299, 268, 239]","[299, 268, 239]"
270,0,"[2619, 1131, 1748]","[1749, 2618, 261]","[240, 300, 271]","[240, 300, 271]"
271,0,"[2648, 1777, 1132, 261]","[1778, 1131, 262, 2647]","[272, 241, 301, 270]","[272, 241, 301, 270]"
272,0,"[2677, 1133, 262, 1806]","[2676, 1132, 1807, 263]","[273, 242, 302, 271]","[273, 242, 302, 271]"
273,0,"[2706, 1835, 1134, 263]","[264, 2705, 1836, 1133]","[272, 274, 243, 303]","[272, 274, 243, 303]"
274,0,"[264, 2735, 1864, 1135]","[1865, 265, 2734, 1134]","[304, 273, 275, 244]","[304, 273, 275, 244]"
275,0,"[1136, 265, 2764, 1893]","[266, 2763, 1894, 1135]","[305, 274, 276, 245]","[305, 274, 276, 245]"
276,0,"[1137, 266, 2793, 1922]","[1136, 2792, 267, 1923]","[306, 275, 277, 246]","[306, 275, 277, 246]"
277,0,"[1138, 267, 2822, 1951]","[1952, 1137, 268, 2821]","[307, 276, 278, 247]","[307, 276, 278, 247]"
278,0,"[2851, 1980, 1139, 268]","[1138, 2850, 269, 1981]","[248, 308, 277, 279]","[248, 308, 277, 279]"
279,0,"[2880, 2009, 1140, 269]","[2010, 1139, 270, 2879]","[280, 249, 309, 278]","[280, 249, 309, 278]"
280,0,"[2038, 2909, 1141, 270]","[2039, 1140, 2908, 271]","[281, 250, 310, 279]","[281, 250, 310, 279]"
281,0,"[2938, 2067, 1142, 271]","[272, 2937, 2068, 1141]","[280, 282, 251, 311]","[280, 282, 251, 311]"
282,0,"[272, 2096, 2967, 1143]","[273, 2966, 1142, 2097]","[312, 281, 283, 252]","[312, 281, 283, 252]"
283,0,"[1144, 273, 2996, 2125]","[274, 2995, 2126, 1143]","[313, 282, 284, 253]","[313, 282, 284, 253]"
284,0,"[1145, 274, 3025, 2154]","[1144, 2155, 275, 3024]","[314, 283, 285, 254]","[314, 283, 285, 254]"
285,0,"[1146, 275, 3054, 2183]","[2184, 1145, 276, 3053]","[315, 284, 286, 255]","[315, 284, 286, 255]"
286,0,"[3083, 2212, 1147, 276]","[1146, 3082, 277, 2213]","[256, 316, 285, 287]","[256, 316, 285, 287]"
287,0,"[3112, 2241, 1148, 277]","[2242, 1147, 278, 3111]","[288, 257, 317, 286]","[288, 257, 317, 286]"
288,0,"[3141, 2270, 1149, 278]","[2271, 1148, 3140, 279]","[289, 258, 318, 287]","[289, 258, 318, 287]"
289,0,"[3170, 2299, 1150, 279]","[280, 3169, 2300, 1149]","[288, 290, 259, 319]","[288, 290, 259, 319]"
290,0,"[280, 2328, 3199, 1151]","[281, 3198, 1150, 2329]","[320, 289, 291, 260]","[320, 289, 291, 260]"
291,0,"[1152, 281, 3228, 2357]","[282, 3227, 2358, 1151]","[321, 290, 292, 261]","[321, 290, 292, 261]"
292,0,"[1153, 282, 3257, 2386]","[1152, 2387, 283, 3256]","[322, 291, 293, 262]","[322, 291, 293, 262]"
293,0,"[1154, 283, 3286, 2415]","[2416, 1153, 284, 3285]","[323, 292, 294, 263]","[323, 292, 294, 263]"
294,0,"[2444, 1155, 284, 3315]","[1154, 285, 2445, 3314]","[264, 324, 293, 295]","[264, 324, 293, 295]"
295,0,"[3344, 2473, 1156, 285]","[2474, 1155, 286, 3343]","[296, 265, 325, 294]","[296, 265, 325, 294]"
296,0,"[3373, 2502, 1157, 286]","[2503, 1156, 3372, 287]","[297, 266, 326, 295]","[297, 266, 326, 295]"
297,0,"[3402, 2531, 1158, 287]","[288, 3401, 2532, 1157]","[296, 298, 267, 327]","[296, 298, 267, 327]"
298,0,"[288, 2560, 3431, 1159]","[289, 3430, 1158, 2561]","[328, 297, 299, 268]","[328, 297, 299, 268]"
299,0,"[289, 3460, 2589]","[3459, 2590, 1159]","[329, 298, 269]","[329, 298, 269]"
300,0,"[1160, 2620, 1749]","[290, 2619, 1750]","[330, 301, 270]","[330, 301, 270]"
301,0,"[2649, 1161, 290, 1778]","[1160, 2648, 291, 1779]","[331, 300, 302, 271]","[331, 300, 302, 271]"
302,0,"[1162, 291, 2678, 1807]","[1808, 1161, 292, 2677]","[272, 332, 301, 303]","[272, 332, 301, 303]"
303,0,"[1163, 292, 1836, 2707]","[1162, 1837, 293, 2706]","[304, 273, 333, 302]","[304, 273, 333, 302]"
304,0,"[2736, 1865, 1164, 293]","[1866, 1163, 294, 2735]","[305, 274, 334, 303]","[305, 274, 334, 303]"
305,0,"[2765, 1894, 1165, 294]","[2764, 1164, 1895, 295]","[304, 306, 275, 335]","[304, 306, 275, 335]"
306,0,"[2794, 1923, 1166, 295]","[296, 2793, 1924, 1165]","[336, 305, 307, 276]","[336, 305, 307, 276]"
307,0,"[296, 2823, 1952, 1167]","[297, 1953, 1166, 2822]","[337, 306, 308, 277]","[337, 306, 308, 277]"
308,0,"[1168, 297, 2852, 1981]","[298, 2851, 1982, 1167]","[338, 307, 309, 278]","[338, 307, 309, 278]"
309,0,"[2881, 1169, 298, 2010]","[1168, 2880, 299, 2011]","[339, 308, 310, 279]","[339, 308, 310, 279]"
310,0,"[1170, 299, 2910, 2039]","[2040, 1169, 300, 2909]","[280, 340, 309, 311]","[280, 340, 309, 311]"
311,0,"[2939, 1171, 300, 2068]","[1170, 2069, 301, 2938]","[312, 281, 341, 310]","[312, 281, 341, 310]"
312,0,"[2968, 2097, 1172, 301]","[2098, 1171, 302, 2967]","[313, 282, 342, 311]","[313, 282, 342, 311]"
313,0,"[2126, 1173, 302, 2997]","[2996, 1172, 2127, 303]","[312, 314, 283, 343]","[312, 314, 283, 343]"
314,0,"[3026, 2155, 1174, 303]","[304, 3025, 2156, 1173]","[344, 313, 315, 284]","[344, 313, 315, 284]"
315,0,"[304, 3055, 2184, 1175]","[305, 2185, 1174, 3054]","[345, 314, 316, 285]","[345, 314, 316, 285]"
316,0,"[1176, 305, 3084, 2213]","[306, 3083, 2214, 1175]","[346, 315, 317, 286]","[346, 315, 317, 286]"
317,0,"[2242, 1177, 306, 3113]","[1176, 3112, 307, 2243]","[347, 316, 318, 287]","[347, 316, 318, 287]"
318,0,"[1178, 307, 3142, 2271]","[2272, 1177, 308, 3141]","[288, 348, 317, 319]","[288, 348, 317, 319]"
319,0,"[3171, 1179, 308, 2300]","[2301, 1178, 309, 3170]","[320, 289, 349, 318]","[320, 289, 349, 318]"
320,0,"[3200, 2329, 1180, 309]","[2330, 1179, 310, 3199]","[321, 290, 350, 319]","[321, 290, 350, 319]"
321,0,"[2358, 3229, 1181, 310]","[3228, 1180, 2359, 311]","[320, 322, 291, 351]","[320, 322, 291, 351]"
322,0,"[3258, 2387, 1182, 311]","[312, 3257, 2388, 1181]","[352, 321, 323, 292]","[352, 321, 323, 292]"
323,0,"[312, 3287, 2416, 1183]","[2417, 313, 3286, 1182]","[353, 322, 324, 293]","[353, 322, 324, 293]"
324,0,"[1184, 313, 3316, 2445]","[314, 3315, 2446, 1183]","[354, 323, 325, 294]","[354, 323, 325, 294]"
325,0,"[2474, 1185, 314, 3345]","[1184, 3344, 315, 2475]","[355, 324, 326, 295]","[355, 324, 326, 295]"
326,0,"[1186, 315, 3374, 2503]","[2504, 1185, 316, 3373]","[296, 356, 325, 327]","[296, 356, 325, 327]"
327,0,"[3403, 1187, 316, 2532]","[2533, 1186, 3402, 317]","[328, 297, 357, 326]","[328, 297, 357, 326]"
328,0,"[3432, 2561, 1188, 317]","[2562, 1187, 318, 3431]","[329, 298, 358, 327]","[329, 298, 358, 327]"
329,0,"[3461, 318, 2590]","[3460, 1188, 2591]","[328, 299, 359]","[328, 299, 359]"
330,0,"[2621, 1189, 1750]","[1751, 2620, 319]","[360, 331, 300]","[360, 331, 300]"
331,0,"[2650, 1779, 1190, 319]","[320, 2649, 1780, 1189]","[361, 330, 332, 301]","[361, 330, 332, 301]"
332,0,"[320, 1808, 2679, 1191]","[1809, 321, 2678, 1190]","[362, 331, 333, 302]","[362, 331, 333, 302]"
333,0,"[1192, 321, 2708, 1837]","[322, 2707, 1838, 1191]","[363, 332, 334, 303]","[363, 332, 334, 303]"
334,0,"[1193, 322, 2737, 1866]","[1192, 1867, 323, 2736]","[304, 364, 333, 335]","[304, 364, 333, 335]"
335,0,"[1194, 323, 2766, 1895]","[1896, 1193, 324, 2765]","[336, 305, 365, 334]","[336, 305, 365, 334]"
336,0,"[1924, 1195, 324, 2795]","[1194, 2794, 325, 1925]","[337, 306, 366, 335]","[337, 306, 366, 335]"
337,0,"[2824, 1953, 1196, 325]","[1954, 1195, 326, 2823]","[336, 338, 307, 367]","[336, 338, 307, 367]"
338,0,"[2853, 1982, 1197, 326]","[1983, 1196, 2852, 327]","[368, 337, 339, 308]","[368, 337, 339, 308]"
339,0,"[2882, 2011, 1198, 327]","[328, 2881, 2012, 1197]","[369, 338, 340, 309]","[369, 338, 340, 309]"
340,0,"[328, 2040, 2911, 1199]","[2910, 329, 2041, 1198]","[370, 339, 341, 310]","[370, 339, 341, 310]"
341,0,"[1200, 329, 2940, 2069]","[330, 2939, 2070, 1199]","[371, 340, 342, 311]","[371, 340, 342, 311]"
342,0,"[1201, 330, 2098, 2969]","[1200, 2099, 331, 2968]","[312, 372, 341, 343]","[312, 372, 341, 343]"
343,0,"[1202, 331, 2998, 2127]","[2128, 1201, 332, 2997]","[344, 313, 373, 342]","[344, 313, 373, 342]"
344,0,"[2156, 1203, 332, 3027]","[3026, 1202, 2157, 333]","[345, 314, 374, 343]","[345, 314, 374, 343]"
345,0,"[3056, 2185, 1204, 333]","[2186, 1203, 334, 3055]","[344, 346, 315, 375]","[344, 346, 315, 375]"
346,0,"[3085, 2214, 1205, 334]","[2215, 1204, 3084, 335]","[376, 345, 347, 316]","[376, 345, 347, 316]"
347,0,"[3114, 2243, 1206, 335]","[336, 3113, 2244, 1205]","[377, 346, 348, 317]","[377, 346, 348, 317]"
348,0,"[336, 2272, 3143, 1207]","[337, 2273, 1206, 3142]","[378, 347, 349, 318]","[378, 347, 349, 318]"
349,0,"[1208, 337, 3172, 2301]","[338, 3171, 2302, 1207]","[379, 348, 350, 319]","[379, 348, 350, 319]"
350,0,"[1209, 338, 2330, 3201]","[1208, 2331, 339, 3200]","[320, 380, 349, 351]","[320, 380, 349, 351]"
351,0,"[1210, 339, 3230, 2359]","[2360, 1209, 340, 3229]","[352, 321, 381, 350]","[352, 321, 381, 350]"
352,0,"[1211, 340, 3259, 2388]","[3258, 1210, 2389, 341]","[353, 322, 382, 351]","[353, 322, 382, 351]"
353,0,"[3288, 2417, 1212, 341]","[2418, 1211, 342, 3287]","[352, 354, 323, 383]","[352, 354, 323, 383]"
354,0,"[3317, 2446, 1213, 342]","[2447, 3316, 1212, 343]","[384, 353, 355, 324]","[384, 353, 355, 324]"
355,0,"[3346, 2475, 1214, 343]","[344, 3345, 2476, 1213]","[385, 354, 356, 325]","[385, 354, 356, 325]"
356,0,"[344, 3375, 2504, 1215]","[3374, 345, 2505, 1214]","[386, 355, 357, 326]","[386, 355, 357, 326]"
357,0,"[1216, 345, 3404, 2533]","[346, 3403, 2534, 1215]","[387, 356, 358, 327]","[387, 356, 358, 327]"
358,0,"[1217, 346, 2562, 3433]","[1216, 2563, 347, 3432]","[328, 388, 357, 359]","[328, 388, 357, 359]"
359,0,"[347, 3462, 2591]","[2592, 1217, 3461]","[329, 389, 358]","[329, 389, 358]"
360,0,"[1218, 2622, 1751]","[1752, 348, 2621]","[361, 330, 390]","[361, 330, 390]"
361,0,"[2651, 1219, 348, 1780]","[1781, 1218, 2650, 349]","[360, 362, 331, 391]","[360, 362, 331, 391]"
362,0,"[2680, 1809, 1220, 349]","[1810, 1219, 350, 2679]","[392, 361, 363, 332]","[392, 361, 363, 332]"
363,0,"[1838, 2709, 1221, 350]","[2708, 1220, 1839, 351]","[393, 362, 364, 333]","[393, 362, 364, 333]"
364,0,"[2738, 1867, 1222, 351]","[352, 2737, 1868, 1221]","[394, 363, 365, 334]","[394, 363, 365, 334]"
365,0,"[352, 2767, 1896, 1223]","[353, 2766, 1222, 1897]","[395, 364, 366, 335]","[395, 364, 366, 335]"
366,0,"[1224, 353, 2796, 1925]","[354, 2795, 1926, 1223]","[336, 396, 365, 367]","[336, 396, 365, 367]"
367,0,"[1954, 1225, 354, 2825]","[1224, 2824, 355, 1955]","[368, 337, 397, 366]","[368, 337, 397, 366]"
368,0,"[1226, 355, 2854, 1983]","[1984, 1225, 356, 2853]","[369, 338, 398, 367]","[369, 338, 398, 367]"
369,0,"[2012, 2883, 1227, 356]","[2013, 1226, 2882, 357]","[368, 370, 339, 399]","[368, 370, 339, 399]"
370,0,"[2912, 2041, 1228, 357]","[2042, 1227, 358, 2911]","[400, 369, 371, 340]","[400, 369, 371, 340]"
371,0,"[2941, 1229, 358, 2070]","[2940, 1228, 2071, 359]","[401, 370, 372, 341]","[401, 370, 372, 341]"
372,0,"[2970, 2099, 1230, 359]","[360, 2969, 2100, 1229]","[402, 371, 373, 342]","[402, 371, 373, 342]"
373,0,"[360, 2999, 2128, 1231]","[2129, 361, 2998, 1230]","[403, 372, 374, 343]","[403, 372, 374, 343]"
374,0,"[1232, 361, 3028, 2157]","[362, 3027, 2158, 1231]","[344, 404, 373, 375]","[344, 404, 373, 375]"
375,0,"[1233, 362, 3057, 2186]","[1232, 3056, 363, 2187]","[376, 345, 405, 374]","[376, 345, 405, 374]"
376,0,"[1234, 363, 3086, 2215]","[2216, 1233, 364, 3085]","[377, 346, 406, 375]","[377, 346, 406, 375]"
377,0,"[3115, 2244, 1235, 364]","[2245, 1234, 3114, 365]","[376, 378, 347, 407]","[376, 378, 347, 407]"
378,0,"[3144, 2273, 1236, 365]","[2274, 1235, 366, 3143]","[408, 377, 379, 348]","[408, 377, 379, 348]"
379,0,"[2302, 3173, 1237, 366]","[3172, 2303, 1236, 367]","[409, 378, 380, 349]","[409, 378, 380, 349]"
380,0,"[3202, 2331, 1238, 367]","[368, 3201, 2332, 1237]","[410, 379, 381, 350]","[410, 379, 381, 350]"
381,0,"[368, 2360, 3231, 1239]","[369, 3230, 1238, 2361]","[411, 380, 382, 351]","[411, 380, 382, 351]"
382,0,"[1240, 369, 3260, 2389]","[370, 3259, 2390, 1239]","[352, 412, 381, 383]","[352, 412, 381, 383]"
383,0,"[1241, 370, 3289, 2418]","[1240, 2419, 371, 3288]","[384, 353, 413, 382]","[384, 353, 413, 382]"
384,0,"[1242, 371, 3318, 2447]","[2448, 1241, 372, 3317]","[385, 354, 414, 383]","[385, 354, 414, 383]"
385,0,"[3347, 2476, 1243, 372]","[1242, 3346, 373, 2477]","[384, 386, 355, 415]","[384, 386, 355, 415]"
386,0,"[3376, 2505, 1244, 373]","[2506, 1243, 374, 3375]","[416, 385, 387, 356]","[416, 385, 387, 356]"
387,0,"[2534, 3405, 1245, 374]","[2535, 1244, 3404, 375]","[417, 386, 388, 357]","[417, 386, 388, 357]"
388,0,"[3434, 2563, 1246, 375]","[376, 3433, 2564, 1245]","[418, 387, 389, 358]","[418, 387, 389, 358]"
389,0,"[376, 2592, 3463]","[2593, 3462, 1246]","[419, 388, 359]","[419, 388, 359]"
390,0,"[1752, 2623, 1247]","[377, 1753, 2622]","[360, 420, 391]","[360, 420, 391]"
391,0,"[1248, 377, 2652, 1781]","[378, 2651, 1782, 1247]","[392, 361, 421, 390]","[392, 361, 421, 390]"
392,0,"[2681, 1249, 378, 1810]","[1248, 1811, 379, 2680]","[393, 362, 422, 391]","[393, 362, 422, 391]"
393,0,"[1250, 379, 2710, 1839]","[1840, 1249, 380, 2709]","[392, 394, 363, 423]","[392, 394, 363, 423]"
394,0,"[1251, 380, 2739, 1868]","[2738, 1250, 1869, 381]","[424, 393, 395, 364]","[424, 393, 395, 364]"
395,0,"[2768, 1897, 1252, 381]","[1898, 1251, 382, 2767]","[425, 394, 396, 365]","[425, 394, 396, 365]"
396,0,"[2797, 1926, 1253, 382]","[1927, 1252, 2796, 383]","[426, 395, 397, 366]","[426, 395, 397, 366]"
397,0,"[2826, 1955, 1254, 383]","[384, 2825, 1956, 1253]","[427, 396, 398, 367]","[427, 396, 398, 367]"
398,0,"[384, 2855, 1984, 1255]","[2854, 385, 1985, 1254]","[368, 428, 397, 399]","[368, 428, 397, 399]"
399,0,"[1256, 385, 2884, 2013]","[386, 2883, 2014, 1255]","[400, 369, 429, 398]","[400, 369, 429, 398]"
400,0,"[2913, 1257, 386, 2042]","[1256, 387, 2912, 2043]","[401, 370, 430, 399]","[401, 370, 430, 399]"
401,0,"[1258, 387, 2942, 2071]","[2072, 1257, 388, 2941]","[400, 402, 371, 431]","[400, 402, 371, 431]"
402,0,"[1259, 388, 2100, 2971]","[1258, 2101, 389, 2970]","[432, 401, 403, 372]","[432, 401, 403, 372]"
403,0,"[3000, 2129, 1260, 389]","[2130, 1259, 390, 2999]","[433, 402, 404, 373]","[433, 402, 404, 373]"
404,0,"[3029, 2158, 1261, 390]","[3028, 1260, 2159, 391]","[434, 403, 405, 374]","[434, 403, 405, 374]"
405,0,"[3058, 2187, 1262, 391]","[392, 3057, 2188, 1261]","[435, 404, 406, 375]","[435, 404, 406, 375]"
406,0,"[392, 3087, 2216, 1263]","[393, 2217, 1262, 3086]","[376, 436, 405, 407]","[376, 436, 405, 407]"
407,0,"[1264, 393, 3116, 2245]","[394, 3115, 2246, 1263]","[408, 377, 437, 406]","[408, 377, 437, 406]"
408,0,"[3145, 1265, 394, 2274]","[1264, 3144, 395, 2275]","[409, 378, 438, 407]","[409, 378, 438, 407]"
409,0,"[1266, 395, 3174, 2303]","[2304, 1265, 396, 3173]","[408, 410, 379, 439]","[408, 410, 379, 439]"
410,0,"[3203, 1267, 396, 2332]","[1266, 2333, 397, 3202]","[440, 409, 411, 380]","[440, 409, 411, 380]"
411,0,"[3232, 2361, 1268, 397]","[2362, 1267, 398, 3231]","[441, 410, 412, 381]","[441, 410, 412, 381]"
412,0,"[2390, 1269, 398, 3261]","[3260, 1268, 2391, 399]","[442, 411, 413, 382]","[442, 411, 413, 382]"
413,0,"[3290, 2419, 1270, 399]","[400, 3289, 2420, 1269]","[443, 412, 414, 383]","[443, 412, 414, 383]"
414,0,"[400, 3319, 2448, 1271]","[401, 2449, 3318, 1270]","[384, 444, 413, 415]","[384, 444, 413, 415]"
415,0,"[1272, 401, 3348, 2477]","[402, 3347, 2478, 1271]","[416, 385, 445, 414]","[416, 385, 445, 414]"
416,0,"[2506, 1273, 402, 3377]","[1272, 3376, 403, 2507]","[417, 386, 446, 415]","[417, 386, 446, 415]"
417,0,"[1274, 403, 3406, 2535]","[2536, 1273, 404, 3405]","[416, 418, 387, 447]","[416, 418, 387, 447]"
418,0,"[3435, 1275, 404, 2564]","[1274, 2565, 405, 3434]","[448, 417, 419, 388]","[448, 417, 419, 388]"
419,0,"[3464, 2593, 405]","[2594, 1275, 3463]","[449, 418, 389]","[449, 418, 389]"
420,0,"[2624, 1753, 1276]","[1754, 406, 2623]","[450, 421, 390]","[450, 421, 390]"
421,0,"[1782, 2653, 1277, 406]","[1783, 1276, 2652, 407]","[451, 420, 422, 391]","[451, 420, 422, 391]"
422,0,"[2682, 1811, 1278, 407]","[408, 2681, 1812, 1277]","[392, 452, 421, 423]","[392, 452, 421, 423]"
423,0,"[408, 1840, 2711, 1279]","[409, 2710, 1278, 1841]","[424, 393, 453, 422]","[424, 393, 453, 422]"
424,0,"[1280, 409, 2740, 1869]","[410, 2739, 1870, 1279]","[425, 394, 454, 423]","[425, 394, 454, 423]"
425,0,"[1281, 410, 2769, 1898]","[1280, 1899, 411, 2768]","[424, 426, 395, 455]","[424, 426, 395, 455]"
426,0,"[1282, 411, 2798, 1927]","[1928, 1281, 412, 2797]","[456, 425, 427, 396]","[456, 425, 427, 396]"
427,0,"[2827, 1956, 1283, 412]","[1282, 2826, 413, 1957]","[457, 426, 428, 397]","[457, 426, 428, 397]"
428,0,"[2856, 1985, 1284, 413]","[1986, 1283, 414, 2855]","[458, 427, 429, 398]","[458, 427, 429, 398]"
429,0,"[2014, 2885, 1285, 414]","[2015, 1284, 2884, 415]","[459, 428, 430, 399]","[459, 428, 430, 399]"
430,0,"[2914, 2043, 1286, 415]","[416, 2913, 2044, 1285]","[400, 460, 429, 431]","[400, 460, 429, 431]"
431,0,"[416, 2072, 2943, 1287]","[417, 2942, 1286, 2073]","[432, 401, 461, 430]","[432, 401, 461, 430]"
432,0,"[1288, 417, 2972, 2101]","[418, 2971, 2102, 1287]","[433, 402, 462, 431]","[433, 402, 462, 431]"
433,0,"[1289, 418, 3001, 2130]","[1288, 2131, 419, 3000]","[432, 434, 403, 463]","[432, 434, 403, 463]"
434,0,"[1290, 419, 3030, 2159]","[2160, 1289, 420, 3029]","[464, 433, 435, 404]","[464, 433, 435, 404]"
435,0,"[2188, 1291, 420, 3059]","[1290, 3058, 421, 2189]","[465, 434, 436, 405]","[465, 434, 436, 405]"
436,0,"[3088, 2217, 1292, 421]","[2218, 1291, 422, 3087]","[466, 435, 437, 406]","[466, 435, 437, 406]"
437,0,"[3117, 2246, 1293, 422]","[2247, 1292, 3116, 423]","[467, 436, 438, 407]","[467, 436, 438, 407]"
438,0,"[3146, 2275, 1294, 423]","[424, 3145, 2276, 1293]","[408, 468, 437, 439]","[408, 468, 437, 439]"
439,0,"[424, 2304, 3175, 1295]","[425, 3174, 1294, 2305]","[440, 409, 469, 438]","[440, 409, 469, 438]"
440,0,"[1296, 425, 3204, 2333]","[426, 3203, 2334, 1295]","[441, 410, 470, 439]","[441, 410, 470, 439]"
441,0,"[1297, 426, 3233, 2362]","[1296, 2363, 427, 3232]","[440, 442, 411, 471]","[440, 442, 411, 471]"
442,0,"[1298, 427, 3262, 2391]","[2392, 1297, 428, 3261]","[472, 441, 443, 412]","[472, 441, 443, 412]"
443,0,"[2420, 1299, 428, 3291]","[3290, 1298, 2421, 429]","[473, 442, 444, 413]","[473, 442, 444, 413]"
444,0,"[3320, 2449, 1300, 429]","[2450, 1299, 430, 3319]","[474, 443, 445, 414]","[474, 443, 445, 414]"
445,0,"[3349, 2478, 1301, 430]","[2479, 1300, 3348, 431]","[475, 444, 446, 415]","[475, 444, 446, 415]"
446,0,"[3378, 2507, 1302, 431]","[432, 3377, 2508, 1301]","[416, 476, 445, 447]","[416, 476, 445, 447]"
447,0,"[432, 2536, 3407, 1303]","[433, 2537, 1302, 3406]","[448, 417, 477, 446]","[448, 417, 477, 446]"
448,0,"[1304, 433, 3436, 2565]","[434, 3435, 2566, 1303]","[449, 418, 478, 447]","[449, 418, 478, 447]"
449,0,"[3465, 434, 2594]","[1304, 2595, 3464]","[448, 419, 479]","[448, 419, 479]"
450,0,"[2625, 1305, 1754]","[2624, 435, 1755]","[480, 451, 420]","[480, 451, 420]"
451,0,"[1306, 435, 2654, 1783]","[1784, 1305, 436, 2653]","[481, 450, 452, 421]","[481, 450, 452, 421]"
452,0,"[2683, 1307, 436, 1812]","[1306, 1813, 437, 2682]","[482, 451, 453, 422]","[482, 451, 453, 422]"
453,0,"[2712, 1841, 1308, 437]","[1842, 1307, 438, 2711]","[483, 452, 454, 423]","[483, 452, 454, 423]"
454,0,"[1870, 1309, 438, 2741]","[2740, 1308, 1871, 439]","[424, 484, 453, 455]","[424, 484, 453, 455]"
455,0,"[2770, 1899, 1310, 439]","[440, 2769, 1900, 1309]","[456, 425, 485, 454]","[456, 425, 485, 454]"
456,0,"[440, 2799, 1928, 1311]","[441, 1929, 1310, 2798]","[457, 426, 486, 455]","[457, 426, 486, 455]"
457,0,"[1312, 441, 2828, 1957]","[442, 2827, 1958, 1311]","[456, 458, 427, 487]","[456, 458, 427, 487]"
458,0,"[1313, 442, 2857, 1986]","[1312, 2856, 443, 1987]","[488, 457, 459, 428]","[488, 457, 459, 428]"
459,0,"[1314, 443, 2886, 2015]","[2016, 1313, 444, 2885]","[489, 458, 460, 429]","[489, 458, 460, 429]"
460,0,"[2915, 1315, 444, 2044]","[2045, 1314, 445, 2914]","[490, 459, 461, 430]","[490, 459, 461, 430]"
461,0,"[2944, 2073, 1316, 445]","[2074, 1315, 446, 2943]","[491, 460, 462, 431]","[491, 460, 462, 431]"
462,0,"[2102, 2973, 1317, 446]","[2972, 1316, 2103, 447]","[432, 492, 461, 463]","[432, 492, 461, 463]"
463,0,"[3002, 2131, 1318, 447]","[448, 3001, 2132, 1317]","[464, 433, 493, 462]","[464, 433, 493, 462]"
464,0,"[448, 3031, 2160, 1319]","[2161, 449, 3030, 1318]","[465, 434, 494, 463]","[465, 434, 494, 463]"
465,0,"[1320, 449, 3060, 2189]","[450, 3059, 2190, 1319]","[464, 466, 435, 495]","[464, 466, 435, 495]"
466,0,"[2218, 1321, 450, 3089]","[1320, 3088, 451, 2219]","[496, 465, 467, 436]","[496, 465, 467, 436]"
467,0,"[1322, 451, 3118, 2247]","[2248, 1321, 452, 3117]","[497, 466, 468, 437]","[497, 466, 468, 437]"
468,0,"[3147, 1323, 452, 2276]","[2277, 1322, 3146, 453]","[498, 467, 469, 438]","[498, 467, 469, 438]"
469,0,"[3176, 2305, 1324, 453]","[2306, 1323, 454, 3175]","[499, 468, 470, 439]","[499, 468, 470, 439]"
470,0,"[3205, 1325, 454, 2334]","[3204, 1324, 2335, 455]","[440, 500, 469, 471]","[440, 500, 469, 471]"
471,0,"[3234, 2363, 1326, 455]","[456, 3233, 2364, 1325]","[472, 441, 501, 470]","[472, 441, 501, 470]"
472,0,"[456, 3263, 2392, 1327]","[2393, 457, 3262, 1326]","[473, 442, 502, 471]","[473, 442, 502, 471]"
473,0,"[1328, 457, 3292, 2421]","[458, 3291, 2422, 1327]","[472, 474, 443, 503]","[472, 474, 443, 503]"
474,0,"[1329, 458, 3321, 2450]","[1328, 459, 2451, 3320]","[504, 473, 475, 444]","[504, 473, 475, 444]"
475,0,"[1330, 459, 3350, 2479]","[2480, 1329, 460, 3349]","[505, 474, 476, 445]","[505, 474, 476, 445]"
476,0,"[3379, 2508, 1331, 460]","[2509, 1330, 3378, 461]","[506, 475, 477, 446]","[506, 475, 477, 446]"
477,0,"[3408, 2537, 1332, 461]","[2538, 1331, 462, 3407]","[507, 476, 478, 447]","[507, 476, 478, 447]"
478,0,"[3437, 1333, 462, 2566]","[3436, 1332, 2567, 463]","[448, 508, 477, 479]","[448, 508, 477, 479]"
479,0,"[3466, 2595, 463]","[3465, 2596, 1333]","[449, 509, 478]","[449, 509, 478]"
480,0,"[2626, 1755, 1334]","[464, 2625, 1756]","[481, 450, 510]","[481, 450, 510]"
481,0,"[464, 1784, 2655, 1335]","[2654, 465, 1785, 1334]","[480, 482, 451, 511]","[480, 482, 451, 511]"
482,0,"[1336, 465, 2684, 1813]","[466, 2683, 1814, 1335]","[512, 481, 483, 452]","[512, 481, 483, 452]"
483,0,"[1337, 466, 1842, 2713]","[1336, 1843, 467, 2712]","[513, 482, 484, 453]","[513, 482, 484, 453]"
484,0,"[1338, 467, 2742, 1871]","[1872, 1337, 468, 2741]","[514, 483, 485, 454]","[514, 483, 485, 454]"
485,0,"[1900, 1339, 468, 2771]","[2770, 1338, 1901, 469]","[515, 484, 486, 455]","[515, 484, 486, 455]"
486,0,"[2800, 1929, 1340, 469]","[1930, 1339, 470, 2799]","[456, 516, 485, 487]","[456, 516, 485, 487]"
487,0,"[2829, 1958, 1341, 470]","[1959, 1340, 2828, 471]","[488, 457, 517, 486]","[488, 457, 517, 486]"
488,0,"[2858, 1987, 1342, 471]","[472, 2857, 1988, 1341]","[489, 458, 518, 487]","[489, 458, 518, 487]"
489,0,"[472, 2016, 2887, 1343]","[2886, 473, 2017, 1342]","[488, 490, 459, 519]","[488, 490, 459, 519]"
490,0,"[1344, 473, 2916, 2045]","[474, 2915, 2046, 1343]","[520, 489, 491, 460]","[520, 489, 491, 460]"
491,0,"[1345, 474, 2074, 2945]","[1344, 2075, 475, 2944]","[521, 490, 492, 461]","[521, 490, 492, 461]"
492,0,"[1346, 475, 2974, 2103]","[2104, 1345, 476, 2973]","[522, 491, 493, 462]","[522, 491, 493, 462]"
493,0,"[1347, 476, 3003, 2132]","[3002, 1346, 2133, 477]","[523, 492, 494, 463]","[523, 492, 494, 463]"
494,0,"[3032, 2161, 1348, 477]","[2162, 1347, 478, 3031]","[464, 524, 493, 495]","[464, 524, 493, 495]"
495,0,"[3061, 2190, 1349, 478]","[2191, 1348, 3060, 479]","[496, 465, 525, 494]","[496, 465, 525, 494]"
496,0,"[3090, 2219, 1350, 479]","[480, 3089, 2220, 1349]","[497, 466, 526, 495]","[497, 466, 526, 495]"
497,0,"[480, 3119, 2248, 1351]","[3118, 481, 2249, 1350]","[496, 498, 467, 527]","[496, 498, 467, 527]"
498,0,"[1352, 481, 3148, 2277]","[482, 3147, 2278, 1351]","[528, 497, 499, 468]","[528, 497, 499, 468]"
499,0,"[1353, 482, 2306, 3177]","[1352, 2307, 483, 3176]","[529, 498, 500, 469]","[529, 498, 500, 469]"
500,0,"[1354, 483, 3206, 2335]","[2336, 1353, 484, 3205]","[530, 499, 501, 470]","[530, 499, 501, 470]"
501,0,"[1355, 484, 3235, 2364]","[3234, 1354, 2365, 485]","[531, 500, 502, 471]","[531, 500, 502, 471]"
502,0,"[3264, 2393, 1356, 485]","[2394, 1355, 486, 3263]","[472, 532, 501, 503]","[472, 532, 501, 503]"
503,0,"[3293, 2422, 1357, 486]","[3292, 1356, 2423, 487]","[504, 473, 533, 502]","[504, 473, 533, 502]"
504,0,"[3322, 2451, 1358, 487]","[488, 3321, 2452, 1357]","[505, 474, 534, 503]","[505, 474, 534, 503]"
505,0,"[488, 3351, 2480, 1359]","[489, 2481, 1358, 3350]","[504, 506, 475, 535]","[504, 506, 475, 535]"
506,0,"[1360, 489, 3380, 2509]","[490, 3379, 2510, 1359]","[536, 505, 507, 476]","[536, 505, 507, 476]"
507,0,"[3409, 1361, 490, 2538]","[1360, 3408, 491, 2539]","[537, 506, 508, 477]","[537, 506, 508, 477]"
508,0,"[1362, 491, 3438, 2567]","[2568, 1361, 492, 3437]","[538, 507, 509, 478]","[538, 507, 509, 478]"
509,0,"[3467, 492, 2596]","[1362, 2597, 3466]","[539, 508, 479]","[539, 508, 479]"
510,0,"[2627, 1363, 1756]","[1757, 2626, 493]","[480, 540, 511]","[480, 540, 511]"
511,0,"[2656, 1785, 1364, 493]","[1786, 1363, 494, 2655]","[512, 481, 541, 510]","[512, 481, 541, 510]"
512,0,"[2685, 1365, 494, 1814]","[2684, 1364, 1815, 495]","[513, 482, 542, 511]","[513, 482, 542, 511]"
513,0,"[2714, 1843, 1366, 495]","[496, 2713, 1844, 1365]","[512, 514, 483, 543]","[512, 514, 483, 543]"
514,0,"[496, 2743, 1872, 1367]","[1873, 497, 2742, 1366]","[544, 513, 515, 484]","[544, 513, 515, 484]"
515,0,"[1368, 497, 2772, 1901]","[498, 2771, 1902, 1367]","[545, 514, 516, 485]","[545, 514, 516, 485]"
516,0,"[1369, 498, 2801, 1930]","[1368, 2800, 499, 1931]","[546, 515, 517, 486]","[546, 515, 517, 486]"
517,0,"[1370, 499, 2830, 1959]","[1960, 1369, 500, 2829]","[547, 516, 518, 487]","[547, 516, 518, 487]"
518,0,"[2859, 1988, 1371, 500]","[1989, 1370, 2858, 501]","[488, 548, 517, 519]","[488, 548, 517, 519]"
519,0,"[2888, 2017, 1372, 501]","[2018, 1371, 502, 2887]","[520, 489, 549, 518]","[520, 489, 549, 518]"
520,0,"[2046, 2917, 1373, 502]","[2916, 2047, 1372, 503]","[521, 490, 550, 519]","[521, 490, 550, 519]"
521,0,"[2946, 2075, 1374, 503]","[504, 2945, 2076, 1373]","[520, 522, 491, 551]","[520, 522, 491, 551]"
522,0,"[504, 2104, 2975, 1375]","[505, 2974, 1374, 2105]","[552, 521, 523, 492]","[552, 521, 523, 492]"
523,0,"[1376, 505, 3004, 2133]","[506, 3003, 2134, 1375]","[553, 522, 524, 493]","[553, 522, 524, 493]"
524,0,"[1377, 506, 3033, 2162]","[1376, 2163, 507, 3032]","[554, 523, 525, 494]","[554, 523, 525, 494]"
525,0,"[1378, 507, 3062, 2191]","[2192, 1377, 508, 3061]","[555, 524, 526, 495]","[555, 524, 526, 495]"
526,0,"[3091, 2220, 1379, 508]","[1378, 3090, 509, 2221]","[496, 556, 525, 527]","[496, 556, 525, 527]"
527,0,"[3120, 2249, 1380, 509]","[2250, 1379, 510, 3119]","[528, 497, 557, 526]","[528, 497, 557, 526]"
528,0,"[2278, 3149, 1381, 510]","[2279, 1380, 3148, 511]","[529, 498, 558, 527]","[529, 498, 558, 527]"
529,0,"[3178, 2307, 1382, 511]","[512, 3177, 2308, 1381]","[528, 530, 499, 559]","[528, 530, 499, 559]"
530,0,"[512, 2336, 3207, 1383]","[513, 3206, 1382, 2337]","[560, 529, 531, 500]","[560, 529, 531, 500]"
531,0,"[1384, 513, 3236, 2365]","[514, 3235, 2366, 1383]","[561, 530, 532, 501]","[561, 530, 532, 501]"
532,0,"[1385, 514, 3265, 2394]","[1384, 2395, 515, 3264]","[562, 531, 533, 502]","[562, 531, 533, 502]"
533,0,"[1386, 515, 3294, 2423]","[2424, 1385, 516, 3293]","[563, 532, 534, 503]","[563, 532, 534, 503]"
534,0,"[2452, 1387, 516, 3323]","[1386, 517, 2453, 3322]","[504, 564, 533, 535]","[504, 564, 533, 535]"
535,0,"[3352, 2481, 1388, 517]","[2482, 1387, 518, 3351]","[536, 505, 565, 534]","[536, 505, 565, 534]"
536,0,"[3381, 2510, 1389, 518]","[2511, 1388, 3380, 519]","[537, 506, 566, 535]","[537, 506, 566, 535]"
537,0,"[3410, 2539, 1390, 519]","[520, 3409, 2540, 1389]","[536, 538, 507, 567]","[536, 538, 507, 567]"
538,0,"[520, 2568, 3439, 1391]","[521, 3438, 1390, 2569]","[568, 537, 539, 508]","[568, 537, 539, 508]"
539,0,"[521, 3468, 2597]","[3467, 2598, 1391]","[569, 538, 509]","[569, 538, 509]"
540,0,"[1392, 2628, 1757]","[522, 2627, 1758]","[570, 541, 510]","[570, 541, 510]"
541,0,"[2657, 1393, 522, 1786]","[1392, 523, 2656, 1787]","[571, 540, 542, 511]","[571, 540, 542, 511]"
542,0,"[1394, 523, 2686, 1815]","[1816, 1393, 524, 2685]","[512, 572, 541, 543]","[512, 572, 541, 543]"
543,0,"[1395, 524, 1844, 2715]","[1394, 1845, 525, 2714]","[544, 513, 573, 542]","[544, 513, 573, 542]"
544,0,"[2744, 1873, 1396, 525]","[1874, 1395, 526, 2743]","[545, 514, 574, 543]","[545, 514, 574, 543]"
545,0,"[2773, 1902, 1397, 526]","[2772, 1396, 1903, 527]","[544, 546, 515, 575]","[544, 546, 515, 575]"
546,0,"[2802, 1931, 1398, 527]","[528, 2801, 1932, 1397]","[576, 545, 547, 516]","[576, 545, 547, 516]"
547,0,"[528, 2831, 1960, 1399]","[529, 1961, 1398, 2830]","[577, 546, 548, 517]","[577, 546, 548, 517]"
548,0,"[1400, 529, 2860, 1989]","[530, 2859, 1990, 1399]","[578, 547, 549, 518]","[578, 547, 549, 518]"
549,0,"[2889, 1401, 530, 2018]","[1400, 2888, 531, 2019]","[579, 548, 550, 519]","[579, 548, 550, 519]"
550,0,"[1402, 531, 2918, 2047]","[2048, 1401, 532, 2917]","[520, 580, 549, 551]","[520, 580, 549, 551]"
551,0,"[1403, 532, 2076, 2947]","[1402, 2077, 533, 2946]","[552, 521, 581, 550]","[552, 521, 581, 550]"
552,0,"[2976, 2105, 1404, 533]","[2106, 1403, 534, 2975]","[553, 522, 582, 551]","[553, 522, 582, 551]"
553,0,"[2134, 1405, 534, 3005]","[3004, 1404, 2135, 535]","[552, 554, 523, 583]","[552, 554, 523, 583]"
554,0,"[3034, 2163, 1406, 535]","[536, 3033, 2164, 1405]","[584, 553, 555, 524]","[584, 553, 555, 524]"
555,0,"[536, 3063, 2192, 1407]","[537, 2193, 1406, 3062]","[585, 554, 556, 525]","[585, 554, 556, 525]"
556,0,"[1408, 537, 3092, 2221]","[538, 3091, 2222, 1407]","[586, 555, 557, 526]","[586, 555, 557, 526]"
557,0,"[2250, 1409, 538, 3121]","[1408, 3120, 539, 2251]","[587, 556, 558, 527]","[587, 556, 558, 527]"
558,0,"[1410, 539, 3150, 2279]","[2280, 1409, 540, 3149]","[528, 588, 557, 559]","[528, 588, 557, 559]"
559,0,"[3179, 1411, 540, 2308]","[1410, 2309, 541, 3178]","[560, 529, 589, 558]","[560, 529, 589, 558]"
560,0,"[3208, 2337, 1412, 541]","[2338, 1411, 542, 3207]","[561, 530, 590, 559]","[561, 530, 590, 559]"
561,0,"[2366, 1413, 542, 3237]","[3236, 1412, 2367, 543]","[560, 562, 531, 591]","[560, 562, 531, 591]"
562,0,"[3266, 2395, 1414, 543]","[544, 3265, 2396, 1413]","[592, 561, 563, 532]","[592, 561, 563, 532]"
563,0,"[544, 3295, 2424, 1415]","[2425, 545, 3294, 1414]","[593, 562, 564, 533]","[593, 562, 564, 533]"
564,0,"[1416, 545, 3324, 2453]","[546, 3323, 2454, 1415]","[594, 563, 565, 534]","[594, 563, 565, 534]"
565,0,"[2482, 1417, 546, 3353]","[1416, 3352, 547, 2483]","[595, 564, 566, 535]","[595, 564, 566, 535]"
566,0,"[1418, 547, 3382, 2511]","[2512, 1417, 548, 3381]","[536, 596, 565, 567]","[536, 596, 565, 567]"
567,0,"[3411, 1419, 548, 2540]","[2541, 1418, 3410, 549]","[568, 537, 597, 566]","[568, 537, 597, 566]"
568,0,"[3440, 2569, 1420, 549]","[2570, 1419, 550, 3439]","[569, 538, 598, 567]","[569, 538, 598, 567]"
569,0,"[2598, 3469, 550]","[3468, 1420, 2599]","[568, 539, 599]","[568, 539, 599]"
570,0,"[2629, 1421, 1758]","[1759, 2628, 551]","[600, 571, 540]","[600, 571, 540]"
571,0,"[2658, 1787, 1422, 551]","[552, 2657, 1788, 1421]","[601, 570, 572, 541]","[601, 570, 572, 541]"
572,0,"[552, 1816, 2687, 1423]","[1817, 553, 2686, 1422]","[602, 571, 573, 542]","[602, 571, 573, 542]"
573,0,"[1424, 553, 2716, 1845]","[554, 2715, 1846, 1423]","[603, 572, 574, 543]","[603, 572, 574, 543]"
574,0,"[1425, 554, 2745, 1874]","[1424, 1875, 555, 2744]","[544, 604, 573, 575]","[544, 604, 573, 575]"
575,0,"[1426, 555, 2774, 1903]","[1904, 1425, 556, 2773]","[576, 545, 605, 574]","[576, 545, 605, 574]"
576,0,"[1932, 1427, 556, 2803]","[1426, 2802, 557, 1933]","[577, 546, 606, 575]","[577, 546, 606, 575]"
577,0,"[2832, 1961, 1428, 557]","[1962, 1427, 558, 2831]","[576, 578, 547, 607]","[576, 578, 547, 607]"
578,0,"[2861, 1990, 1429, 558]","[1991, 1428, 2860, 559]","[608, 577, 579, 548]","[608, 577, 579, 548]"
579,0,"[2890, 2019, 1430, 559]","[560, 2889, 2020, 1429]","[609, 578, 580, 549]","[609, 578, 580, 549]"
580,0,"[560, 2048, 2919, 1431]","[561, 2918, 1430, 2049]","[610, 579, 581, 550]","[610, 579, 581, 550]"
581,0,"[1432, 561, 2948, 2077]","[562, 2947, 2078, 1431]","[611, 580, 582, 551]","[611, 580, 582, 551]"
582,0,"[1433, 562, 2977, 2106]","[1432, 2107, 563, 2976]","[552, 612, 581, 583]","[552, 612, 581, 583]"
583,0,"[1434, 563, 3006, 2135]","[2136, 1433, 564, 3005]","[584, 553, 613, 582]","[584, 553, 613, 582]"
584,0,"[2164, 1435, 564, 3035]","[3034, 1434, 2165, 565]","[585, 554, 614, 583]","[585, 554, 614, 583]"
585,0,"[3064, 2193, 1436, 565]","[2194, 1435, 566, 3063]","[584, 586, 555, 615]","[584, 586, 555, 615]"
586,0,"[3093, 2222, 1437, 566]","[2223, 1436, 3092, 567]","[616, 585, 587, 556]","[616, 585, 587, 556]"
587,0,"[3122, 2251, 1438, 567]","[568, 3121, 2252, 1437]","[617, 586, 588, 557]","[617, 586, 588, 557]"
588,0,"[568, 2280, 3151, 1439]","[569, 2281, 1438, 3150]","[618, 587, 589, 558]","[618, 587, 589, 558]"
589,0,"[1440, 569, 3180, 2309]","[570, 3179, 2310, 1439]","[619, 588, 590, 559]","[619, 588, 590, 559]"
590,0,"[1441, 570, 2338, 3209]","[1440, 2339, 571, 3208]","[560, 620, 589, 591]","[560, 620, 589, 591]"
591,0,"[1442, 571, 3238, 2367]","[2368, 1441, 572, 3237]","[592, 561, 621, 590]","[592, 561, 621, 590]"
592,0,"[1443, 572, 3267, 2396]","[3266, 1442, 2397, 573]","[593, 562, 622, 591]","[593, 562, 622, 591]"
593,0,"[3296, 2425, 1444, 573]","[2426, 1443, 574, 3295]","[592, 594, 563, 623]","[592, 594, 563, 623]"
594,0,"[3325, 2454, 1445, 574]","[2455, 3324, 1444, 575]","[624, 593, 595, 564]","[624, 593, 595, 564]"
595,0,"[3354, 2483, 1446, 575]","[576, 3353, 2484, 1445]","[625, 594, 596, 565]","[625, 594, 596, 565]"
596,0,"[576, 3383, 2512, 1447]","[3382, 577, 2513, 1446]","[626, 595, 597, 566]","[626, 595, 597, 566]"
597,0,"[1448, 577, 3412, 2541]","[578, 3411, 2542, 1447]","[627, 596, 598, 567]","[627, 596, 598, 567]"
598,0,"[1449, 578, 2570, 3441]","[1448, 2571, 579, 3440]","[568, 628, 597, 599]","[568, 628, 597, 599]"
599,0,"[579, 3470, 2599]","[2600, 1449, 3469]","[569, 629, 598]","[569, 629, 598]"
600,0,"[1450, 2630, 1759]","[1760, 580, 2629]","[601, 570, 630]","[601, 570, 630]"
601,0,"[2659, 1451, 580, 1788]","[1789, 1450, 581, 2658]","[600, 602, 571, 631]","[600, 602, 571, 631]"
602,0,"[2688, 1817, 1452, 581]","[1818, 1451, 582, 2687]","[632, 601, 603, 572]","[632, 601, 603, 572]"
603,0,"[1846, 2717, 1453, 582]","[2716, 1452, 1847, 583]","[633, 602, 604, 573]","[633, 602, 604, 573]"
604,0,"[2746, 1875, 1454, 583]","[584, 2745, 1876, 1453]","[634, 603, 605, 574]","[634, 603, 605, 574]"
605,0,"[584, 2775, 1904, 1455]","[585, 2774, 1454, 1905]","[635, 604, 606, 575]","[635, 604, 606, 575]"
606,0,"[1456, 585, 2804, 1933]","[586, 2803, 1934, 1455]","[576, 636, 605, 607]","[576, 636, 605, 607]"
607,0,"[1962, 1457, 586, 2833]","[1456, 2832, 587, 1963]","[608, 577, 637, 606]","[608, 577, 637, 606]"
608,0,"[1458, 587, 2862, 1991]","[1992, 1457, 588, 2861]","[609, 578, 638, 607]","[609, 578, 638, 607]"
609,0,"[2891, 1459, 588, 2020]","[2021, 1458, 2890, 589]","[608, 610, 579, 639]","[608, 610, 579, 639]"
610,0,"[2920, 2049, 1460, 589]","[2050, 1459, 590, 2919]","[640, 609, 611, 580]","[640, 609, 611, 580]"
611,0,"[2949, 1461, 590, 2078]","[2948, 1460, 2079, 591]","[641, 610, 612, 581]","[641, 610, 612, 581]"
612,0,"[2978, 2107, 1462, 591]","[592, 2977, 2108, 1461]","[642, 611, 613, 582]","[642, 611, 613, 582]"
613,0,"[592, 3007, 2136, 1463]","[2137, 593, 3006, 1462]","[643, 612, 614, 583]","[643, 612, 614, 583]"
614,0,"[1464, 593, 3036, 2165]","[594, 3035, 2166, 1463]","[584, 644, 613, 615]","[584, 644, 613, 615]"
615,0,"[1465, 594, 3065, 2194]","[1464, 3064, 595, 2195]","[616, 585, 645, 614]","[616, 585, 645, 614]"
616,0,"[1466, 595, 3094, 2223]","[2224, 1465, 596, 3093]","[617, 586, 646, 615]","[617, 586, 646, 615]"
617,0,"[3123, 2252, 1467, 596]","[2253, 1466, 3122, 597]","[616, 618, 587, 647]","[616, 618, 587, 647]"
618,0,"[3152, 2281, 1468, 597]","[2282, 1467, 598, 3151]","[648, 617, 619, 588]","[648, 617, 619, 588]"
619,0,"[3181, 1469, 598, 2310]","[3180, 1468, 2311, 599]","[649, 618, 620, 589]","[649, 618, 620, 589]"
620,0,"[3210, 2339, 1470, 599]","[600, 3209, 2340, 1469]","[650, 619, 621, 590]","[650, 619, 621, 590]"
621,0,"[600, 3239, 2368, 1471]","[2369, 601, 3238, 1470]","[651, 620, 622, 591]","[651, 620, 622, 591]"
622,0,"[1472, 601, 3268, 2397]","[602, 3267, 2398, 1471]","[592, 652, 621, 623]","[592, 652, 621, 623]"
623,0,"[1473, 602, 3297, 2426]","[1472, 2427, 603, 3296]","[624, 593, 653, 622]","[624, 593, 653, 622]"
624,0,"[1474, 603, 3326, 2455]","[2456, 1473, 604, 3325]","[625, 594, 654, 623]","[625, 594, 654, 623]"
625,0,"[3355, 2484, 1475, 604]","[1474, 3354, 605, 2485]","[624, 626, 595, 655]","[624, 626, 595, 655]"
626,0,"[3384, 2513, 1476, 605]","[2514, 1475, 606, 3383]","[656, 625, 627, 596]","[656, 625, 627, 596]"
627,0,"[2542, 3413, 1477, 606]","[2543, 1476, 3412, 607]","[657, 626, 628, 597]","[657, 626, 628, 597]"
628,0,"[3442, 2571, 1478, 607]","[608, 3441, 2572, 1477]","[658, 627, 629, 598]","[658, 627, 629, 598]"
629,0,"[608, 2600, 3471]","[2601, 3470, 1478]","[659, 628, 599]","[659, 628, 599]"
630,0,"[1760, 2631, 1479]","[609, 1761, 2630]","[600, 660, 631]","[600, 660, 631]"
631,0,"[1480, 609, 2660, 1789]","[610, 2659, 1790, 1479]","[632, 601, 661, 630]","[632, 601, 661, 630]"
632,0,"[1481, 610, 1818, 2689]","[1480, 1819, 611, 2688]","[633, 602, 662, 631]","[633, 602, 662, 631]"
633,0,"[1482, 611, 2718, 1847]","[1848, 1481, 612, 2717]","[632, 634, 603, 663]","[632, 634, 603, 663]"
634,0,"[1483, 612, 2747, 1876]","[2746, 1482, 1877, 613]","[664, 633, 635, 604]","[664, 633, 635, 604]"
635,0,"[2776, 1905, 1484, 613]","[1906, 1483, 614, 2775]","[665, 634, 636, 605]","[665, 634, 636, 605]"
636,0,"[2805, 1934, 1485, 614]","[1935, 1484, 2804, 615]","[666, 635, 637, 606]","[666, 635, 637, 606]"
637,0,"[2834, 1963, 1486, 615]","[616, 2833, 1964, 1485]","[667, 636, 638, 607]","[667, 636, 638, 607]"
638,0,"[616, 2863, 1992, 1487]","[2862, 617, 1993, 1486]","[608, 668, 637, 639]","[608, 668, 637, 639]"
639,0,"[1488, 617, 2892, 2021]","[618, 2891, 2022, 1487]","[640, 609, 669, 638]","[640, 609, 669, 638]"
640,0,"[2921, 1489, 618, 2050]","[1488, 2051, 619, 2920]","[641, 610, 670, 639]","[641, 610, 670, 639]"
641,0,"[1490, 619, 2950, 2079]","[2080, 1489, 620, 2949]","[640, 642, 611, 671]","[640, 642, 611, 671]"
642,0,"[1491, 620, 2979, 2108]","[2978, 1490, 2109, 621]","[672, 641, 643, 612]","[672, 641, 643, 612]"
643,0,"[3008, 2137, 1492, 621]","[2138, 1491, 622, 3007]","[673, 642, 644, 613]","[673, 642, 644, 613]"
644,0,"[3037, 2166, 1493, 622]","[3036, 1492, 2167, 623]","[674, 643, 645, 614]","[674, 643, 645, 614]"
645,0,"[3066, 2195, 1494, 623]","[624, 3065, 2196, 1493]","[675, 644, 646, 615]","[675, 644, 646, 615]"
646,0,"[624, 3095, 2224, 1495]","[625, 2225, 1494, 3094]","[616, 676, 645, 647]","[616, 676, 645, 647]"
647,0,"[1496, 625, 3124, 2253]","[626, 3123, 2254, 1495]","[648, 617, 677, 646]","[648, 617, 677, 646]"
648,0,"[3153, 1497, 626, 2282]","[1496, 3152, 627, 2283]","[649, 618, 678, 647]","[649, 618, 678, 647]"
649,0,"[1498, 627, 3182, 2311]","[2312, 1497, 628, 3181]","[648, 650, 619, 679]","[648, 650, 619, 679]"
650,0,"[3211, 1499, 628, 2340]","[1498, 2341, 629, 3210]","[680, 649, 651, 620]","[680, 649, 651, 620]"
651,0,"[3240, 2369, 1500, 629]","[2370, 1499, 630, 3239]","[681, 650, 652, 621]","[681, 650, 652, 621]"
652,0,"[3269, 2398, 1501, 630]","[3268, 1500, 2399, 631]","[682, 651, 653, 622]","[682, 651, 653, 622]"
653,0,"[3298, 2427, 1502, 631]","[632, 3297, 2428, 1501]","[683, 652, 654, 623]","[683, 652, 654, 623]"
654,0,"[632, 3327, 2456, 1503]","[633, 2457, 3326, 1502]","[624, 684, 653, 655]","[624, 684, 653, 655]"
655,0,"[1504, 633, 3356, 2485]","[634, 3355, 2486, 1503]","[656, 625, 685, 654]","[656, 625, 685, 654]"
656,0,"[2514, 1505, 634, 3385]","[1504, 3384, 635, 2515]","[657, 626, 686, 655]","[657, 626, 686, 655]"
657,0,"[1506, 635, 3414, 2543]","[2544, 1505, 636, 3413]","[656, 658, 627, 687]","[656, 658, 627, 687]"
658,0,"[3443, 1507, 636, 2572]","[1506, 2573, 637, 3442]","[688, 657, 659, 628]","[688, 657, 659, 628]"
659,0,"[3472, 2601, 637]","[2602, 1507, 3471]","[689, 658, 629]","[689, 658, 629]"
660,0,"[2632, 1761, 1508]","[1762, 638, 2631]","[690, 661, 630]","[690, 661, 630]"
661,0,"[1790, 2661, 1509, 638]","[2660, 1791, 1508, 639]","[691, 660, 662, 631]","[691, 660, 662, 631]"
662,0,"[2690, 1819, 1510, 639]","[640, 2689, 1820, 1509]","[632, 692, 661, 663]","[632, 692, 661, 663]"
663,0,"[640, 1848, 2719, 1511]","[641, 2718, 1510, 1849]","[664, 633, 693, 662]","[664, 633, 693, 662]"
664,0,"[1512, 641, 2748, 1877]","[642, 2747, 1878, 1511]","[665, 634, 694, 663]","[665, 634, 694, 663]"
665,0,"[1513, 642, 2777, 1906]","[1512, 1907, 643, 2776]","[664, 666, 635, 695]","[664, 666, 635, 695]"
666,0,"[1514, 643, 2806, 1935]","[1936, 1513, 644, 2805]","[696, 665, 667, 636]","[696, 665, 667, 636]"
667,0,"[2835, 1964, 1515, 644]","[1514, 2834, 645, 1965]","[697, 666, 668, 637]","[697, 666, 668, 637]"
668,0,"[2864, 1993, 1516, 645]","[1994, 1515, 646, 2863]","[698, 667, 669, 638]","[698, 667, 669, 638]"
669,0,"[2022, 2893, 1517, 646]","[2023, 1516, 2892, 647]","[699, 668, 670, 639]","[699, 668, 670, 639]"
670,0,"[2922, 2051, 1518, 647]","[648, 2921, 2052, 1517]","[640, 700, 669, 671]","[640, 700, 669, 671]"
671,0,"[648, 2080, 2951, 1519]","[649, 2950, 1518, 2081]","[672, 641, 701, 670]","[672, 641, 701, 670]"
672,0,"[1520, 649, 2980, 2109]","[650, 2979, 2110, 1519]","[673, 642, 702, 671]","[673, 642, 702, 671]"
673,0,"[1521, 650, 3009, 2138]","[1520, 2139, 651, 3008]","[672, 674, 643, 703]","[672, 674, 643, 703]"
674,0,"[1522, 651, 3038, 2167]","[2168, 1521, 652, 3037]","[704, 673, 675, 644]","[704, 673, 675, 644]"
675,0,"[2196, 1523, 652, 3067]","[1522, 3066, 653, 2197]","[705, 674, 676, 645]","[705, 674, 676, 645]"
676,0,"[3096, 2225, 1524, 653]","[2226, 1523, 654, 3095]","[706, 675, 677, 646]","[706, 675, 677, 646]"
677,0,"[3125, 2254, 1525, 654]","[2255, 1524, 3124, 655]","[707, 676, 678, 647]","[707, 676, 678, 647]"
678,0,"[3154, 2283, 1526, 655]","[656, 3153, 2284, 1525]","[648, 708, 677, 679]","[648, 708, 677, 679]"
679,0,"[656, 2312, 3183, 1527]","[657, 3182, 1526, 2313]","[680, 649, 709, 678]","[680, 649, 709, 678]"
680,0,"[1528, 657, 3212, 2341]","[658, 3211, 2342, 1527]","[681, 650, 710, 679]","[681, 650, 710, 679]"
681,0,"[1529, 658, 3241, 2370]","[1528, 2371, 659, 3240]","[680, 682, 651, 711]","[680, 682, 651, 711]"
682,0,"[1530, 659, 3270, 2399]","[2400, 1529, 660, 3269]","[712, 681, 683, 652]","[712, 681, 683, 652]"
683,0,"[2428, 1531, 660, 3299]","[1530, 2429, 661, 3298]","[713, 682, 684, 653]","[713, 682, 684, 653]"
684,0,"[3328, 2457, 1532, 661]","[2458, 1531, 662, 3327]","[714, 683, 685, 654]","[714, 683, 685, 654]"
685,0,"[3357, 2486, 1533, 662]","[2487, 1532, 3356, 663]","[715, 684, 686, 655]","[715, 684, 686, 655]"
686,0,"[3386, 2515, 1534, 663]","[664, 3385, 2516, 1533]","[656, 716, 685, 687]","[656, 716, 685, 687]"
687,0,"[664, 2544, 3415, 1535]","[665, 2545, 1534, 3414]","[688, 657, 717, 686]","[688, 657, 717, 686]"
688,0,"[1536, 665, 3444, 2573]","[666, 3443, 2574, 1535]","[689, 658, 718, 687]","[689, 658, 718, 687]"
689,0,"[3473, 666, 2602]","[1536, 2603, 3472]","[688, 659, 719]","[688, 659, 719]"
690,0,"[2633, 1537, 1762]","[2632, 667, 1763]","[720, 691, 660]","[720, 691, 660]"
691,0,"[1538, 667, 2662, 1791]","[1792, 1537, 668, 2661]","[721, 690, 692, 661]","[721, 690, 692, 661]"
692,0,"[1539, 668, 1820, 2691]","[1538, 1821, 669, 2690]","[722, 691, 693, 662]","[722, 691, 693, 662]"
693,0,"[2720, 1849, 1540, 669]","[1850, 1539, 670, 2719]","[723, 692, 694, 663]","[723, 692, 694, 663]"
694,0,"[1878, 1541, 670, 2749]","[2748, 1540, 1879, 671]","[664, 724, 693, 695]","[664, 724, 693, 695]"
695,0,"[2778, 1907, 1542, 671]","[672, 2777, 1908, 1541]","[696, 665, 725, 694]","[696, 665, 725, 694]"
696,0,"[672, 2807, 1936, 1543]","[673, 1937, 1542, 2806]","[697, 666, 726, 695]","[697, 666, 726, 695]"
697,0,"[1544, 673, 2836, 1965]","[674, 2835, 1966, 1543]","[696, 698, 667, 727]","[696, 698, 667, 727]"
698,0,"[1545, 674, 2865, 1994]","[1544, 2864, 675, 1995]","[728, 697, 699, 668]","[728, 697, 699, 668]"
699,0,"[1546, 675, 2894, 2023]","[2024, 1545, 676, 2893]","[729, 698, 700, 669]","[729, 698, 700, 669]"
700,0,"[2923, 1547, 676, 2052]","[1546, 2053, 677, 2922]","[730, 699, 701, 670]","[730, 699, 701, 670]"
701,0,"[2952, 2081, 1548, 677]","[2082, 1547, 678, 2951]","[731, 700, 702, 671]","[731, 700, 702, 671]"
702,0,"[2110, 1549, 678, 2981]","[2980, 1548, 2111, 679]","[672, 732, 701, 703]","[672, 732, 701, 703]"
703,0,"[3010, 2139, 1550, 679]","[680, 3009, 2140, 1549]","[704, 673, 733, 702]","[704, 673, 733, 702]"
704,0,"[680, 3039, 2168, 1551]","[2169, 681, 3038, 1550]","[705, 674, 734, 703]","[705, 674, 734, 703]"
705,0,"[1552, 681, 3068, 2197]","[682, 3067, 2198, 1551]","[704, 706, 675, 735]","[704, 706, 675, 735]"
706,0,"[2226, 1553, 682, 3097]","[1552, 3096, 683, 2227]","[736, 705, 707, 676]","[736, 705, 707, 676]"
707,0,"[1554, 683, 3126, 2255]","[2256, 1553, 684, 3125]","[737, 706, 708, 677]","[737, 706, 708, 677]"
708,0,"[3155, 1555, 684, 2284]","[2285, 1554, 3154, 685]","[738, 707, 709, 678]","[738, 707, 709, 678]"
709,0,"[3184, 2313, 1556, 685]","[2314, 1555, 686, 3183]","[739, 708, 710, 679]","[739, 708, 710, 679]"
710,0,"[2342, 3213, 1557, 686]","[3212, 1556, 2343, 687]","[680, 740, 709, 711]","[680, 740, 709, 711]"
711,0,"[3242, 2371, 1558, 687]","[688, 3241, 2372, 1557]","[712, 681, 741, 710]","[712, 681, 741, 710]"
712,0,"[688, 3271, 2400, 1559]","[2401, 689, 3270, 1558]","[713, 682, 742, 711]","[713, 682, 742, 711]"
713,0,"[1560, 689, 3300, 2429]","[690, 3299, 2430, 1559]","[712, 714, 683, 743]","[712, 714, 683, 743]"
714,0,"[1561, 690, 3329, 2458]","[1560, 3328, 691, 2459]","[744, 713, 715, 684]","[744, 713, 715, 684]"
715,0,"[1562, 691, 3358, 2487]","[2488, 1561, 692, 3357]","[745, 714, 716, 685]","[745, 714, 716, 685]"
716,0,"[3387, 2516, 1563, 692]","[2517, 1562, 3386, 693]","[746, 715, 717, 686]","[746, 715, 717, 686]"
717,0,"[3416, 2545, 1564, 693]","[2546, 1563, 694, 3415]","[747, 716, 718, 687]","[747, 716, 718, 687]"
718,0,"[3445, 1565, 694, 2574]","[3444, 1564, 2575, 695]","[688, 748, 717, 719]","[688, 748, 717, 719]"
719,0,"[3474, 2603, 695]","[3473, 2604, 1565]","[689, 749, 718]","[689, 749, 718]"
720,0,"[2634, 1763, 1566]","[696, 2633, 1764]","[721, 690, 750]","[721, 690, 750]"
721,0,"[696, 1792, 2663, 1567]","[1793, 697, 2662, 1566]","[720, 722, 691, 751]","[720, 722, 691, 751]"
722,0,"[1568, 697, 2692, 1821]","[698, 2691, 1822, 1567]","[752, 721, 723, 692]","[752, 721, 723, 692]"
723,0,"[1569, 698, 2721, 1850]","[1568, 1851, 699, 2720]","[753, 722, 724, 693]","[753, 722, 724, 693]"
724,0,"[1570, 699, 2750, 1879]","[1880, 1569, 700, 2749]","[754, 723, 725, 694]","[754, 723, 725, 694]"
725,0,"[1908, 1571, 700, 2779]","[2778, 1570, 1909, 701]","[755, 724, 726, 695]","[755, 724, 726, 695]"
726,0,"[2808, 1937, 1572, 701]","[1938, 1571, 702, 2807]","[696, 756, 725, 727]","[696, 756, 725, 727]"
727,0,"[2837, 1966, 1573, 702]","[1967, 1572, 2836, 703]","[728, 697, 757, 726]","[728, 697, 757, 726]"
728,0,"[2866, 1995, 1574, 703]","[704, 2865, 1996, 1573]","[729, 698, 758, 727]","[729, 698, 758, 727]"
729,0,"[704, 2024, 2895, 1575]","[2894, 705, 2025, 1574]","[728, 730, 699, 759]","[728, 730, 699, 759]"
730,0,"[1576, 705, 2924, 2053]","[706, 2923, 2054, 1575]","[760, 729, 731, 700]","[760, 729, 731, 700]"
731,0,"[1577, 706, 2082, 2953]","[1576, 2083, 707, 2952]","[761, 730, 732, 701]","[761, 730, 732, 701]"
732,0,"[1578, 707, 2982, 2111]","[2112, 1577, 708, 2981]","[762, 731, 733, 702]","[762, 731, 733, 702]"
733,0,"[1579, 708, 3011, 2140]","[3010, 1578, 2141, 709]","[763, 732, 734, 703]","[763, 732, 734, 703]"
734,0,"[3040, 2169, 1580, 709]","[2170, 1579, 710, 3039]","[704, 764, 733, 735]","[704, 764, 733, 735]"
735,0,"[3069, 2198, 1581, 710]","[2199, 1580, 3068, 711]","[736, 705, 765, 734]","[736, 705, 765, 734]"
736,0,"[3098, 2227, 1582, 711]","[712, 3097, 2228, 1581]","[737, 706, 766, 735]","[737, 706, 766, 735]"
737,0,"[712, 3127, 2256, 1583]","[3126, 713, 2257, 1582]","[736, 738, 707, 767]","[736, 738, 707, 767]"
738,0,"[1584, 713, 3156, 2285]","[714, 3155, 2286, 1583]","[768, 737, 739, 708]","[768, 737, 739, 708]"
739,0,"[1585, 714, 2314, 3185]","[1584, 2315, 715, 3184]","[769, 738, 740, 709]","[769, 738, 740, 709]"
740,0,"[1586, 715, 3214, 2343]","[2344, 1585, 716, 3213]","[770, 739, 741, 710]","[770, 739, 741, 710]"
741,0,"[1587, 716, 3243, 2372]","[3242, 1586, 2373, 717]","[771, 740, 742, 711]","[771, 740, 742, 711]"
742,0,"[3272, 2401, 1588, 717]","[2402, 1587, 718, 3271]","[712, 772, 741, 743]","[712, 772, 741, 743]"
743,0,"[3301, 2430, 1589, 718]","[3300, 1588, 2431, 719]","[744, 713, 773, 742]","[744, 713, 773, 742]"
744,0,"[3330, 2459, 1590, 719]","[720, 3329, 2460, 1589]","[745, 714, 774, 743]","[745, 714, 774, 743]"
745,0,"[720, 3359, 2488, 1591]","[721, 2489, 1590, 3358]","[744, 746, 715, 775]","[744, 746, 715, 775]"
746,0,"[1592, 721, 3388, 2517]","[722, 3387, 2518, 1591]","[776, 745, 747, 716]","[776, 745, 747, 716]"
747,0,"[3417, 1593, 722, 2546]","[1592, 3416, 723, 2547]","[777, 746, 748, 717]","[777, 746, 748, 717]"
748,0,"[1594, 723, 3446, 2575]","[2576, 1593, 724, 3445]","[778, 747, 749, 718]","[778, 747, 749, 718]"
749,0,"[3475, 724, 2604]","[1594, 2605, 3474]","[779, 748, 719]","[779, 748, 719]"
750,0,"[2635, 1595, 1764]","[1765, 2634, 725]","[720, 780, 751]","[720, 780, 751]"
751,0,"[2664, 1793, 1596, 725]","[1794, 1595, 726, 2663]","[752, 721, 781, 750]","[752, 721, 781, 750]"
752,0,"[2693, 1597, 726, 1822]","[2692, 1596, 1823, 727]","[753, 722, 782, 751]","[753, 722, 782, 751]"
753,0,"[2722, 1851, 1598, 727]","[728, 2721, 1852, 1597]","[752, 754, 723, 783]","[752, 754, 723, 783]"
754,0,"[728, 2751, 1880, 1599]","[1881, 729, 2750, 1598]","[784, 753, 755, 724]","[784, 753, 755, 724]"
755,0,"[1600, 729, 2780, 1909]","[730, 2779, 1910, 1599]","[785, 754, 756, 725]","[785, 754, 756, 725]"
756,0,"[1601, 730, 2809, 1938]","[1600, 2808, 731, 1939]","[786, 755, 757, 726]","[786, 755, 757, 726]"
757,0,"[1602, 731, 2838, 1967]","[1968, 1601, 732, 2837]","[787, 756, 758, 727]","[787, 756, 758, 727]"
758,0,"[2867, 1996, 1603, 732]","[1997, 1602, 2866, 733]","[728, 788, 757, 759]","[728, 788, 757, 759]"
759,0,"[2896, 2025, 1604, 733]","[2026, 1603, 734, 2895]","[760, 729, 789, 758]","[760, 729, 789, 758]"
760,0,"[2925, 1605, 734, 2054]","[2924, 1604, 2055, 735]","[761, 730, 790, 759]","[761, 730, 790, 759]"
761,0,"[2954, 2083, 1606, 735]","[736, 2953, 2084, 1605]","[760, 762, 731, 791]","[760, 762, 731, 791]"
762,0,"[736, 2983, 2112, 1607]","[2113, 737, 2982, 1606]","[792, 761, 763, 732]","[792, 761, 763, 732]"
763,0,"[1608, 737, 3012, 2141]","[738, 3011, 2142, 1607]","[793, 762, 764, 733]","[793, 762, 764, 733]"
764,0,"[1609, 738, 3041, 2170]","[1608, 3040, 2171, 739]","[794, 763, 765, 734]","[794, 763, 765, 734]"
765,0,"[1610, 739, 3070, 2199]","[2200, 1609, 740, 3069]","[795, 764, 766, 735]","[795, 764, 766, 735]"
766,0,"[3099, 2228, 1611, 740]","[1610, 3098, 741, 2229]","[736, 796, 765, 767]","[736, 796, 765, 767]"
767,0,"[3128, 2257, 1612, 741]","[2258, 1611, 742, 3127]","[768, 737, 797, 766]","[768, 737, 797, 766]"
768,0,"[2286, 3157, 1613, 742]","[2287, 1612, 3156, 743]","[769, 738, 798, 767]","[769, 738, 798, 767]"
769,0,"[3186, 2315, 1614, 743]","[744, 3185, 2316, 1613]","[768, 770, 739, 799]","[768, 770, 739, 799]"
770,0,"[744, 2344, 3215, 1615]","[745, 3214, 1614, 2345]","[800, 769, 771, 740]","[800, 769, 771, 740]"
771,0,"[1616, 745, 3244, 2373]","[746, 3243, 2374, 1615]","[801, 770, 772, 741]","[801, 770, 772, 741]"
772,0,"[1617, 746, 3273, 2402]","[1616, 2403, 747, 3272]","[802, 771, 773, 742]","[802, 771, 773, 742]"
773,0,"[1618, 747, 3302, 2431]","[2432, 1617, 748, 3301]","[803, 772, 774, 743]","[803, 772, 774, 743]"
774,0,"[3331, 2460, 1619, 748]","[1618, 3330, 749, 2461]","[744, 804, 773, 775]","[744, 804, 773, 775]"
775,0,"[3360, 2489, 1620, 749]","[2490, 1619, 750, 3359]","[776, 745, 805, 774]","[776, 745, 805, 774]"
776,0,"[3389, 2518, 1621, 750]","[2519, 1620, 3388, 751]","[777, 746, 806, 775]","[777, 746, 806, 775]"
777,0,"[3418, 2547, 1622, 751]","[752, 3417, 2548, 1621]","[776, 778, 747, 807]","[776, 778, 747, 807]"
778,0,"[752, 2576, 3447, 1623]","[753, 3446, 1622, 2577]","[808, 777, 779, 748]","[808, 777, 779, 748]"
779,0,"[753, 3476, 2605]","[3475, 2606, 1623]","[809, 778, 749]","[809, 778, 749]"
780,0,"[1624, 2636, 1765]","[754, 2635, 1766]","[810, 781, 750]","[810, 781, 750]"
781,0,"[2665, 1625, 754, 1794]","[1624, 1795, 755, 2664]","[811, 780, 782, 751]","[811, 780, 782, 751]"
782,0,"[1626, 755, 2694, 1823]","[1824, 1625, 756, 2693]","[752, 812, 781, 783]","[752, 812, 781, 783]"
783,0,"[1627, 756, 2723, 1852]","[2722, 1626, 1853, 757]","[784, 753, 813, 782]","[784, 753, 813, 782]"
784,0,"[2752, 1881, 1628, 757]","[1882, 1627, 758, 2751]","[785, 754, 814, 783]","[785, 754, 814, 783]"
785,0,"[2781, 1910, 1629, 758]","[2780, 1628, 1911, 759]","[784, 786, 755, 815]","[784, 786, 755, 815]"
786,0,"[2810, 1939, 1630, 759]","[760, 2809, 1940, 1629]","[816, 785, 787, 756]","[816, 785, 787, 756]"
787,0,"[760, 2839, 1968, 1631]","[761, 1969, 1630, 2838]","[817, 786, 788, 757]","[817, 786, 788, 757]"
788,0,"[1632, 761, 2868, 1997]","[762, 2867, 1998, 1631]","[818, 787, 789, 758]","[818, 787, 789, 758]"
789,0,"[2897, 1633, 762, 2026]","[1632, 2896, 763, 2027]","[819, 788, 790, 759]","[819, 788, 790, 759]"
790,0,"[1634, 763, 2926, 2055]","[2056, 1633, 764, 2925]","[760, 820, 789, 791]","[760, 820, 789, 791]"
791,0,"[1635, 764, 2084, 2955]","[1634, 2085, 765, 2954]","[792, 761, 821, 790]","[792, 761, 821, 790]"
792,0,"[2984, 2113, 1636, 765]","[2114, 1635, 766, 2983]","[793, 762, 822, 791]","[793, 762, 822, 791]"
793,0,"[3013, 2142, 1637, 766]","[3012, 1636, 2143, 767]","[792, 794, 763, 823]","[792, 794, 763, 823]"
794,0,"[3042, 2171, 1638, 767]","[768, 3041, 2172, 1637]","[824, 793, 795, 764]","[824, 793, 795, 764]"
795,0,"[768, 3071, 2200, 1639]","[769, 2201, 1638, 3070]","[825, 794, 796, 765]","[825, 794, 796, 765]"
796,0,"[1640, 769, 3100, 2229]","[770, 3099, 2230, 1639]","[826, 795, 797, 766]","[826, 795, 797, 766]"
797,0,"[2258, 1641, 770, 3129]","[1640, 3128, 771, 2259]","[827, 796, 798, 767]","[827, 796, 798, 767]"
798,0,"[1642, 771, 3158, 2287]","[2288, 1641, 772, 3157]","[768, 828, 797, 799]","[768, 828, 797, 799]"
799,0,"[3187, 1643, 772, 2316]","[1642, 2317, 773, 3186]","[800, 769, 829, 798]","[800, 769, 829, 798]"
800,0,"[3216, 2345, 1644, 773]","[2346, 1643, 774, 3215]","[801, 770, 830, 799]","[801, 770, 830, 799]"
801,0,"[2374, 1645, 774, 3245]","[3244, 1644, 2375, 775]","[800, 802, 771, 831]","[800, 802, 771, 831]"
802,0,"[3274, 2403, 1646, 775]","[776, 3273, 2404, 1645]","[832, 801, 803, 772]","[832, 801, 803, 772]"
803,0,"[776, 3303, 2432, 1647]","[777, 2433, 3302, 1646]","[833, 802, 804, 773]","[833, 802, 804, 773]"
804,0,"[1648, 777, 3332, 2461]","[778, 3331, 2462, 1647]","[834, 803, 805, 774]","[834, 803, 805, 774]"
805,0,"[2490, 1649, 778, 3361]","[1648, 3360, 779, 2491]","[835, 804, 806, 775]","[835, 804, 806, 775]"
806,0,"[1650, 779, 3390, 2519]","[2520, 1649, 780, 3389]","[776, 836, 805, 807]","[776, 836, 805, 807]"
807,0,"[3419, 1651, 780, 2548]","[2549, 1650, 3418, 781]","[808, 777, 837, 806]","[808, 777, 837, 806]"
808,0,"[3448, 2577, 1652, 781]","[2578, 1651, 782, 3447]","[809, 778, 838, 807]","[809, 778, 838, 807]"
809,0,"[2606, 3477, 782]","[3476, 1652, 2607]","[808, 779, 839]","[808, 779, 839]"
810,0,"[2637, 1653, 1766]","[1767, 2636, 783]","[840, 811, 780]","[840, 811, 780]"
811,0,"[2666, 1795, 1654, 783]","[784, 2665, 1796, 1653]","[841, 810, 812, 781]","[841, 810, 812, 781]"
812,0,"[784, 1824, 2695, 1655]","[785, 2694, 1654, 1825]","[842, 811, 813, 782]","[842, 811, 813, 782]"
813,0,"[1656, 785, 2724, 1853]","[786, 2723, 1854, 1655]","[843, 812, 814, 783]","[843, 812, 814, 783]"
814,0,"[1657, 786, 2753, 1882]","[1656, 1883, 787, 2752]","[784, 844, 813, 815]","[784, 844, 813, 815]"
815,0,"[1658, 787, 2782, 1911]","[1912, 1657, 788, 2781]","[816, 785, 845, 814]","[816, 785, 845, 814]"
816,0,"[1940, 1659, 788, 2811]","[1658, 2810, 789, 1941]","[817, 786, 846, 815]","[817, 786, 846, 815]"
817,0,"[2840, 1969, 1660, 789]","[1970, 1659, 790, 2839]","[816, 818, 787, 847]","[816, 818, 787, 847]"
818,0,"[2869, 1998, 1661, 790]","[1999, 1660, 2868, 791]","[848, 817, 819, 788]","[848, 817, 819, 788]"
819,0,"[2898, 2027, 1662, 791]","[792, 2897, 2028, 1661]","[849, 818, 820, 789]","[849, 818, 820, 789]"
820,0,"[792, 2056, 2927, 1663]","[793, 2926, 1662, 2057]","[850, 819, 821, 790]","[850, 819, 821, 790]"
821,0,"[1664, 793, 2956, 2085]","[794, 2955, 2086, 1663]","[851, 820, 822, 791]","[851, 820, 822, 791]"
822,0,"[1665, 794, 2985, 2114]","[1664, 2115, 795, 2984]","[792, 852, 821, 823]","[792, 852, 821, 823]"
823,0,"[1666, 795, 3014, 2143]","[2144, 1665, 796, 3013]","[824, 793, 853, 822]","[824, 793, 853, 822]"
824,0,"[2172, 1667, 796, 3043]","[1666, 3042, 2173, 797]","[825, 794, 854, 823]","[825, 794, 854, 823]"
825,0,"[3072, 2201, 1668, 797]","[2202, 1667, 798, 3071]","[824, 826, 795, 855]","[824, 826, 795, 855]"
826,0,"[3101, 2230, 1669, 798]","[2231, 1668, 3100, 799]","[856, 825, 827, 796]","[856, 825, 827, 796]"
827,0,"[3130, 2259, 1670, 799]","[800, 3129, 2260, 1669]","[857, 826, 828, 797]","[857, 826, 828, 797]"
828,0,"[800, 2288, 3159, 1671]","[801, 2289, 1670, 3158]","[858, 827, 829, 798]","[858, 827, 829, 798]"
829,0,"[1672, 801, 3188, 2317]","[802, 3187, 2318, 1671]","[859, 828, 830, 799]","[859, 828, 830, 799]"
830,0,"[1673, 802, 2346, 3217]","[1672, 2347, 803, 3216]","[800, 860, 829, 831]","[800, 860, 829, 831]"
831,0,"[1674, 803, 3246, 2375]","[2376, 1673, 804, 3245]","[832, 801, 861, 830]","[832, 801, 861, 830]"
832,0,"[2404, 1675, 804, 3275]","[3274, 1674, 2405, 805]","[833, 802, 862, 831]","[833, 802, 862, 831]"
833,0,"[3304, 2433, 1676, 805]","[2434, 1675, 806, 3303]","[832, 834, 803, 863]","[832, 834, 803, 863]"
834,0,"[3333, 2462, 1677, 806]","[2463, 1676, 3332, 807]","[864, 833, 835, 804]","[864, 833, 835, 804]"
835,0,"[3362, 2491, 1678, 807]","[808, 3361, 2492, 1677]","[865, 834, 836, 805]","[865, 834, 836, 805]"
836,0,"[808, 3391, 2520, 1679]","[3390, 809, 2521, 1678]","[866, 835, 837, 806]","[866, 835, 837, 806]"
837,0,"[1680, 809, 3420, 2549]","[810, 3419, 2550, 1679]","[867, 836, 838, 807]","[867, 836, 838, 807]"
838,0,"[1681, 810, 2578, 3449]","[1680, 2579, 811, 3448]","[808, 868, 837, 839]","[808, 868, 837, 839]"
839,0,"[811, 3478, 2607]","[2608, 1681, 3477]","[809, 869, 838]","[809, 869, 838]"
840,0,"[1682, 2638, 1767]","[1768, 812, 2637]","[841, 810, 870]","[841, 810, 870]"
841,0,"[2667, 1683, 812, 1796]","[1682, 1797, 813, 2666]","[840, 842, 811, 871]","[840, 842, 811, 871]"
842,0,"[2696, 1825, 1684, 813]","[1826, 1683, 814, 2695]","[872, 841, 843, 812]","[872, 841, 843, 812]"
843,0,"[1854, 1685, 814, 2725]","[2724, 1684, 1855, 815]","[873, 842, 844, 813]","[873, 842, 844, 813]"
844,0,"[2754, 1883, 1686, 815]","[816, 2753, 1884, 1685]","[874, 843, 845, 814]","[874, 843, 845, 814]"
845,0,"[816, 2783, 1912, 1687]","[817, 2782, 1686, 1913]","[875, 844, 846, 815]","[875, 844, 846, 815]"
846,0,"[1688, 817, 2812, 1941]","[818, 2811, 1942, 1687]","[816, 876, 845, 847]","[816, 876, 845, 847]"
847,0,"[1970, 1689, 818, 2841]","[1688, 2840, 819, 1971]","[848, 817, 877, 846]","[848, 817, 877, 846]"
848,0,"[1690, 819, 2870, 1999]","[2000, 1689, 820, 2869]","[849, 818, 878, 847]","[849, 818, 878, 847]"
849,0,"[2899, 1691, 820, 2028]","[2029, 1690, 2898, 821]","[848, 850, 819, 879]","[848, 850, 819, 879]"
850,0,"[2928, 2057, 1692, 821]","[2058, 1691, 822, 2927]","[880, 849, 851, 820]","[880, 849, 851, 820]"
851,0,"[2086, 2957, 1693, 822]","[2956, 1692, 2087, 823]","[881, 850, 852, 821]","[881, 850, 852, 821]"
852,0,"[2986, 2115, 1694, 823]","[824, 2985, 2116, 1693]","[882, 851, 853, 822]","[882, 851, 853, 822]"
853,0,"[824, 3015, 2144, 1695]","[2145, 825, 3014, 1694]","[883, 852, 854, 823]","[883, 852, 854, 823]"
854,0,"[1696, 825, 3044, 2173]","[826, 3043, 2174, 1695]","[824, 884, 853, 855]","[824, 884, 853, 855]"
855,0,"[1697, 826, 3073, 2202]","[1696, 3072, 827, 2203]","[856, 825, 885, 854]","[856, 825, 885, 854]"
856,0,"[1698, 827, 3102, 2231]","[2232, 1697, 828, 3101]","[857, 826, 886, 855]","[857, 826, 886, 855]"
857,0,"[3131, 2260, 1699, 828]","[2261, 1698, 3130, 829]","[856, 858, 827, 887]","[856, 858, 827, 887]"
858,0,"[3160, 2289, 1700, 829]","[2290, 1699, 830, 3159]","[888, 857, 859, 828]","[888, 857, 859, 828]"
859,0,"[3189, 1701, 830, 2318]","[3188, 1700, 2319, 831]","[889, 858, 860, 829]","[889, 858, 860, 829]"
860,0,"[3218, 2347, 1702, 831]","[832, 3217, 2348, 1701]","[890, 859, 861, 830]","[890, 859, 861, 830]"
861,0,"[832, 3247, 2376, 1703]","[2377, 833, 3246, 1702]","[891, 860, 862, 831]","[891, 860, 862, 831]"
862,0,"[1704, 833, 3276, 2405]","[834, 3275, 2406, 1703]","[832, 892, 861, 863]","[832, 892, 861, 863]"
863,0,"[1705, 834, 3305, 2434]","[1704, 835, 2435, 3304]","[864, 833, 893, 862]","[864, 833, 893, 862]"
864,0,"[1706, 835, 3334, 2463]","[2464, 1705, 836, 3333]","[865, 834, 894, 863]","[865, 834, 894, 863]"
865,0,"[3363, 2492, 1707, 836]","[1706, 3362, 837, 2493]","[864, 866, 835, 895]","[864, 866, 835, 895]"
866,0,"[3392, 2521, 1708, 837]","[2522, 1707, 838, 3391]","[896, 865, 867, 836]","[896, 865, 867, 836]"
867,0,"[2550, 3421, 1709, 838]","[2551, 1708, 3420, 839]","[897, 866, 868, 837]","[897, 866, 868, 837]"
868,0,"[3450, 2579, 1710, 839]","[840, 3449, 2580, 1709]","[898, 867, 869, 838]","[898, 867, 869, 838]"
869,0,"[840, 2608, 3479]","[2609, 3478, 1710]","[899, 868, 839]","[899, 868, 839]"
870,0,"[1768, 1711]","[841, 2638]","[840, 871]","[840, 871]"
871,0,"[1712, 841, 1797]","[842, 2667, 1711]","[872, 841, 870]","[872, 841, 870]"
872,0,"[1713, 842, 1826]","[1712, 843, 2696]","[873, 842, 871]","[873, 842, 871]"
873,0,"[1714, 843, 1855]","[1713, 844, 2725]","[872, 874, 843]","[872, 874, 843]"
874,0,"[1715, 844, 1884]","[2754, 1714, 845]","[873, 875, 844]","[873, 875, 844]"
875,0,"[1913, 1716, 845]","[1715, 846, 2783]","[874, 876, 845]","[874, 876, 845]"
876,0,"[1942, 1717, 846]","[1716, 2812, 847]","[875, 877, 846]","[875, 877, 846]"
877,0,"[1971, 1718, 847]","[848, 2841, 1717]","[876, 878, 847]","[876, 878, 847]"
878,0,"[848, 2000, 1719]","[2870, 849, 1718]","[848, 877, 879]","[848, 877, 879]"
879,0,"[1720, 849, 2029]","[850, 2899, 1719]","[880, 849, 878]","[880, 849, 878]"
880,0,"[1721, 850, 2058]","[1720, 851, 2928]","[881, 850, 879]","[881, 850, 879]"
881,0,"[1722, 851, 2087]","[1721, 852, 2957]","[880, 882, 851]","[880, 882, 851]"
882,0,"[1723, 852, 2116]","[2986, 1722, 853]","[881, 883, 852]","[881, 883, 852]"
883,0,"[2145, 1724, 853]","[1723, 854, 3015]","[882, 884, 853]","[882, 884, 853]"
884,0,"[2174, 1725, 854]","[1724, 3044, 855]","[883, 885, 854]","[883, 885, 854]"
885,0,"[2203, 1726, 855]","[856, 3073, 1725]","[884, 886, 855]","[884, 886, 855]"
886,0,"[856, 2232, 1727]","[857, 1726, 3102]","[856, 885, 887]","[856, 885, 887]"
887,0,"[1728, 857, 2261]","[858, 3131, 1727]","[888, 857, 886]","[888, 857, 886]"
888,0,"[1729, 858, 2290]","[1728, 3160, 859]","[889, 858, 887]","[889, 858, 887]"
889,0,"[1730, 859, 2319]","[1729, 860, 3189]","[888, 890, 859]","[888, 890, 859]"
890,0,"[1731, 860, 2348]","[1730, 861, 3218]","[889, 891, 860]","[889, 891, 860]"
891,0,"[2377, 1732, 861]","[1731, 862, 3247]","[890, 892, 861]","[890, 892, 861]"
892,0,"[2406, 1733, 862]","[3276, 1732, 863]","[891, 893, 862]","[891, 893, 862]"
893,0,"[2435, 1734, 863]","[864, 3305, 1733]","[892, 894, 863]","[892, 894, 863]"
894,0,"[864, 2464, 1735]","[865, 1734, 3334]","[864, 893, 895]","[864, 893, 895]"
895,0,"[1736, 865, 2493]","[866, 3363, 1735]","[896, 865, 894]","[896, 865, 894]"
896,0,"[2522, 1737, 866]","[1736, 3392, 867]","[897, 866, 895]","[897, 866, 895]"
897,0,"[1738, 867, 2551]","[1737, 868, 3421]","[896, 898, 867]","[896, 898, 867]"
898,0,"[1739, 868, 2580]","[1738, 869, 3450]","[897, 899, 868]","[897, 899, 868]"
899,0,"[2609, 869]","[1739, 3479]","[898, 869]","[898, 869]"
