OD_id,start_vertex,end_vertex,distance,lam_w,P_w,l_w,e_w
0,521,791,4500,0.0110722190796898,0.6365199071207364,4758.890839347186,1916.0446072643376
1,676,379,6500,0.0182300680987429,0.7984375413187601,6731.485410721138,3608.024574624506
2,889,385,11500,0.0117532624828074,0.8682234287769365,11809.062029105926,5567.234711805227
3,255,722,14500,0.0120858591258643,0.8697743669194645,14770.004276483096,6160.339754504436
4,403,481,7500,0.0128368223518086,0.689249465516397,7747.061176414733,2781.9983932272808
5,123,200,9500,0.0235408406600815,0.8691598385731607,9899.166380047707,6336.801034560248
6,505,848,14500,0.009786689166582,0.7569496378604526,14852.72558372766,4783.873307526375
7,364,857,14500,0.0105479636201249,0.962790206683076,14845.69392668645,6724.259065890427
8,635,265,16500,0.0071736754441987,0.9097354611732197,16874.617865510674,7591.574620845265
9,270,323,12000,0.0063134552868252,0.7200971382931978,12313.595128859795,5663.901140299648
10,890,242,19500,0.008530917582374,0.823964934462308,19817.593468947303,8312.433331812928
11,647,191,10500,0.0119956431781143,0.7882022330512228,10737.332416521307,4277.419976388905
12,514,705,8500,0.0208273627327562,0.9024427865168736,8788.25644296503,4427.1537889203055
13,594,215,15500,0.0231648469986621,0.929267054949623,15779.735537266393,7353.799400154996
14,857,680,4500,0.0050062980786922,0.8318479332910731,4784.810336928818,2813.5983111727937
15,738,49,12000,0.0061876826486657,0.5916064008546783,12310.364909085478,3785.1830471625144
16,626,50,12500,0.0214459074554262,0.8205719560466074,12800.495142546253,5016.7137467432885
17,825,403,8000,0.0142921485720189,0.7812415932286282,8273.43703569095,3839.6893773757497
18,614,324,10000,0.0122696549687578,0.8891018865926347,10291.530395174177,4834.046829134261
19,263,540,16500,0.0172482490998166,0.8205343495307837,16800.062174693023,8065.259207023263
20,605,897,15500,0.0225129947160894,0.8453767089815545,15743.003998564343,5094.055801511865
21,553,679,5000,0.0178747915811871,0.7800563566833609,5234.424185026274,2626.712442335603
22,571,811,4000,0.0055002876586466,0.5961462680496743,4172.620540093612,1362.2962024781525
23,532,58,11000,0.0061666614542734,0.6817921046350855,11194.843990204225,3223.223429452682
24,841,271,9500,0.0089908087321994,0.8791612971132525,9866.712639382438,6812.437421817876
25,799,481,14000,0.0061510195069584,0.8224434204298301,14359.283240619352,5515.788483719817
26,652,881,9500,0.0071986327062603,0.6298529288181627,9775.100825404117,2112.6787625559027
27,814,469,13500,0.0117400116162497,0.9250323512945894,13815.29918883929,7547.447274073375
28,504,635,12000,0.0201776603277805,0.7737492635901814,12327.380737140074,5063.0162821223075
29,760,164,12000,0.0143738412754686,0.829392455677776,12289.041113117048,5704.036270692782
30,47,713,14000,0.0076380697238881,0.7784925710187953,14314.171882177681,6340.48647019771
31,366,41,8000,0.0065237225354469,0.6326334956160908,8240.38131012816,2911.7095473727486
32,631,110,18500,0.0244661161467001,0.9453939223222966,18839.598307576958,9351.362015427372
33,265,571,17500,0.0070196336237169,0.8594161652303546,17832.297369640775,8958.176891631472
34,624,499,4500,0.0181630466651972,0.8897699288285448,4670.821482865095,3220.883021818131
35,214,866,21500,0.0239559522727274,0.9733233966721251,21820.314790651162,9832.001686451466
36,852,305,12500,0.024775734378652,0.774243966472826,12873.663786905094,5676.570832372013
37,168,597,11500,0.0160283156100248,0.7361626192782178,11698.137047613262,4219.329400330593
38,216,703,11500,0.0081918811451303,0.8329932857465423,11845.919278483087,5328.07094016723
39,640,564,8500,0.0142689782970841,0.827017471582215,8744.2588706925,4242.135906250482
40,821,512,9500,0.0122289824847155,0.6893874951302343,9732.263894007336,4366.941814701495
41,228,534,8000,0.0165204316812558,0.7211619749141993,8181.211715673947,3118.9959886899624
42,546,596,10500,0.0161159267429087,0.6584702666043587,10777.171847815878,3509.62857302621
43,166,827,11500,0.0192707587550783,0.6830553103496164,11720.801970967254,4938.251941212342
44,627,497,7000,0.0062171769532847,0.9009915866843708,7304.2129142999365,4771.490518675082
45,745,513,14500,0.0052667445658696,0.8554819577448777,14884.371420292695,7385.727545356964
46,68,796,16000,0.0129326944474478,0.8759730498511772,16349.993355538032,6280.505420002338
47,777,392,18500,0.0205152444391336,0.847369436982391,18809.385346423263,7517.528156573207
48,423,325,13000,0.0238232355924954,0.7724798302158992,13415.38467784803,4986.234977693039
49,497,402,4000,0.0126656063574848,0.750131998975541,4196.481383486532,2142.248442250084
50,288,477,7500,0.0168320498821353,0.5655159908626125,7739.167287395809,2377.189525964198
51,851,644,5000,0.0204377663865758,0.8785844922286032,5297.911713706524,3412.352537467559
52,303,501,12000,0.021205003685657,0.8853819751734704,12346.479458083775,6747.493975483284
53,52,209,6000,0.0224575014098531,0.40017228032931795,6173.560734196998,1571.9398532916623
54,347,178,8500,0.0182536209052659,0.5806537376463778,8721.60441342681,2686.084353410328
55,676,107,10000,0.0075745433948838,0.5935751255653534,10180.744741618933,3760.559027726783
56,108,277,8500,0.0151276920266291,0.8780845502674138,8812.630591853711,4934.758234556774
57,261,397,9500,0.0247047479780418,0.7923805162438295,9738.064764932078,5191.147553849495
58,222,504,10500,0.0242513989641355,0.8716277323110598,10806.437096189862,5302.092445564177
59,19,823,16500,0.007122580499498,0.8312267971847319,16760.386154784603,5885.532581921136
60,334,487,4000,0.0163687009759386,0.855899225787496,4266.8294259615495,2819.4998618693176
61,201,390,14000,0.0055922451744996,0.7147659412817762,14242.20534402679,5300.129176789909
62,253,560,8500,0.0114990641946295,0.8620861307307306,8750.224053186843,4399.063785224084
63,482,53,18000,0.0163795015446674,0.8492021410056161,18340.995213205017,6643.106657657353
64,703,386,12000,0.0104854852134149,0.8978258046854659,12349.47656042127,5877.410356525959
65,534,178,8000,0.0107309147096873,0.6480056309673087,8184.716897502832,2603.7095454692976
66,73,172,6000,0.0159470896675039,0.6918749238780545,6242.162024560607,3028.3857071525335
67,299,438,8000,0.0125086484968505,0.8167762234365388,8357.074160214408,4897.582263920044
68,566,3,20500,0.0208631844058649,0.871211434346942,20693.615009564888,8402.62820348019
69,720,793,7500,0.0148770102821205,0.7848966255282334,7876.15864598777,3834.589625818322
70,141,529,7500,0.0191912536116995,0.7484849340038231,7733.772296356577,4403.216338610541
71,510,863,17000,0.0074909880780526,0.8449819249560956,17200.601141029725,5239.245636962413
72,729,746,8500,0.0092847727822311,0.7650323364827518,8860.376764337134,4207.790266158607
73,446,289,6000,0.0088621319225442,0.8226827110765147,6239.738037871243,3087.031253202602
74,39,122,5000,0.0202904689385904,0.7330388294878714,5230.893411234913,2107.0445255271493
75,584,321,8000,0.0186673364653534,0.723471200823946,8222.129283269345,3858.792857637795
76,378,850,12000,0.0125492005853772,0.6798321320882126,12271.859548299684,3642.092346241342
77,113,268,5000,0.0200541081704881,0.5365538715114075,5188.951210506115,2003.4305806460902
78,368,522,4500,0.0180153835845269,0.8081793017680923,4715.887162753494,2773.6168897436255
79,117,529,11000,0.0078431287652102,0.8493716977413476,11347.293908675021,7271.852671046213
80,0,336,8500,0.0082076888188127,0.9063587544326788,8739.413680328084,5055.649363051912
81,134,381,7500,0.0142497976478176,0.5999079094205195,7751.288460719116,3103.11756819415
82,631,805,14500,0.0171905852728843,0.8539579237644898,14898.713362076824,5614.676458153468
83,483,811,6500,0.0232209656973169,0.6243797367111742,6757.963120341799,1938.2831329329329
84,619,753,10500,0.0069266311352931,0.6049418601505984,10818.237268496,2411.256229534206
85,294,892,11000,0.011954893259788,0.5556346120214445,11206.25675823091,3885.656494225453
86,152,117,13500,0.0248913036695546,0.5889002762869489,13730.91321288418,4302.051682341775
87,275,489,5500,0.0163491508759103,0.84448626558599,5746.325295422567,3586.4228984666925
88,410,456,8000,0.0209739274998092,0.7219907908617211,8220.573184213197,3419.32540282463
89,455,836,16500,0.0084231655056318,0.9040757638061613,16766.99820354824,5822.384374205416
90,27,898,15000,0.0081356119525661,0.49739758536888856,15220.573283231946,3503.0128682586374
91,260,48,4500,0.013493962190642,0.686887623151641,4717.227429973074,2127.118732822647
92,339,491,3500,0.0199660450744174,0.6940908981677938,3697.913055359162,2013.757542514766
93,96,55,10500,0.0222773066836127,0.5742593782022294,10697.322250515113,3653.6155477991247
94,878,751,5500,0.0246004613108776,0.580878528338614,5714.085278307205,1749.766260144724
95,181,373,9000,0.0183038797018319,0.9185411185760475,9281.651023602843,5869.57656324431
96,842,104,18500,0.017161515517316,0.8964096769231814,18815.343801968134,9502.043265946135
97,108,442,7500,0.0209003964858414,0.5613469700673157,7684.675941555543,3290.1412473223554
98,752,657,14500,0.0175898535100934,0.8327909407820453,14873.079632316916,5765.455692177562
99,602,434,9000,0.0168231469486667,0.8560111956988551,9281.593801791574,5139.298672363579
100,94,613,13000,0.0238734141784413,0.962499587522317,13390.771472605667,7525.316433684673
101,286,304,6500,0.0109644328120482,0.794043570076822,6668.155561628099,3436.361978988528
102,754,3,13000,0.0086374468898182,0.5074341206367544,13342.3327554269,3127.4537006675846
103,714,246,16500,0.0085945065936398,0.9556654547570543,16792.163621851993,8094.19672544285
104,704,414,10000,0.0056353866864203,0.9126499801704984,10325.044887346694,5230.325097014238
105,554,246,9000,0.0179745911087284,0.6781421999565891,9203.843685732489,3184.5133387286824
106,880,370,8500,0.0167195933112687,0.8180331420168064,8815.223017502663,5142.0088633539635
107,63,359,17500,0.0149930284935774,0.770372076545899,17770.362627632065,6485.91566080151
108,398,685,13000,0.0155963354609385,0.8651057745487194,13322.194838465559,5442.087045337887
109,619,845,11000,0.0126090366865169,0.7150932923479141,11318.196931845961,3062.802134983941
110,465,737,5500,0.0051774164159483,0.579167572303764,5711.785168436344,1780.727548793317
111,384,826,11500,0.0052492635133755,0.6817426862475354,11775.091745309866,3624.917668836824
112,690,323,18000,0.0222752825322331,0.9539319996365592,18409.499141988097,9735.685729653596
113,772,263,9000,0.0176826502083265,0.8340787267863892,9385.51032840764,4787.474445795945
114,122,680,18000,0.0203126488979251,0.9682088175660917,18417.82245523269,8969.062321002877
115,752,295,19500,0.0245122649589473,0.9679807904924709,19953.230194228126,8726.68578605919
116,666,381,12500,0.023506391171674,0.8629823643651611,12820.229290588157,6707.331725379823
117,21,621,10000,0.0059934893572461,0.6497304120710928,10332.666576601081,4127.338921655538
118,152,563,17000,0.0202988955564369,0.9301683555620682,17332.956631114303,9093.182918037197
119,165,511,13000,0.0127126540520889,0.8877907103989359,13283.629575697008,6242.984617745861
120,32,595,20500,0.0062179678537523,0.9411289871752274,20830.82387890286,9794.053865946433
121,818,12,15500,0.014451231217072,0.6542124103518785,15803.71333394305,4620.150435037213
122,608,36,10500,0.0175953387728917,0.47277060167815477,10697.631903254944,2929.6977935366285
123,818,420,10500,0.0214999484937695,0.5548340914734822,10731.231015619425,2957.6226037893543
124,193,555,7000,0.0186197195470939,0.879914117588202,7257.378457444809,3979.667333998759
125,161,800,15000,0.0092748147738207,0.8473541835508374,15338.292721614633,5861.390396231367
126,789,200,15500,0.0063780832554272,0.8699987994872819,15790.413503634418,6421.546456622691
127,214,775,19500,0.0129678269311928,0.974418294558158,19851.1778489686,9656.726620025745
128,771,425,13500,0.0161999731466013,0.8472054443286231,13840.881389545635,7416.484408971003
129,503,40,14000,0.0245404498573279,0.8736847685711885,14312.012991593689,6072.358951605474
130,715,480,16000,0.0194246354512647,0.7339738934912112,16186.246460060496,6850.362941961721
131,700,417,13500,0.0232338600882893,0.8760560775919674,13903.391831358913,5743.9273883135875
132,694,529,10500,0.0076759978437763,0.9134197684814596,10782.767740872465,5204.106866171866
133,492,126,9000,0.0207243650600688,0.7408706389982647,9288.024985413862,3322.420707895197
134,379,213,10500,0.0085219023543599,0.7226968348535061,10729.92949732694,3445.2393371591697
135,301,173,13500,0.0140864936416527,0.6939204741177922,13819.371532565903,4318.6351554411185
136,74,293,8000,0.0063372044526761,0.6329543579115153,8228.774699715426,3619.748600678302
137,687,644,7000,0.0106888313416774,0.8578506555682808,7252.383107892071,5190.130349503936
138,793,556,5500,0.024602512414615,0.8844889943301991,5760.971212855721,3786.412113034754
139,537,881,14000,0.0132117134399626,0.7223117647166968,14449.150971414174,4398.277594831315
140,888,404,10000,0.0135925659959229,0.7457130468292494,10314.856108423824,4155.13644830508
141,332,765,13500,0.0051837755351817,0.9397784732690609,13860.548999568651,6493.372539829576
142,205,314,7500,0.0213087122278231,0.8714550966684534,7759.424309739522,4399.184806267388
143,773,505,5500,0.021181582089235,0.8644829908304938,5813.173604719577,3143.7070283789494
144,821,1,18500,0.0100326111553312,0.823136814545633,18773.574957854365,7503.565847633209
145,444,167,8000,0.0199677610679395,0.8600856000468615,8273.232078987512,3894.545038077739
146,546,385,12500,0.0196661669575496,0.831300251675648,12834.907423289356,5367.621879891776
147,274,664,6500,0.0146984717981766,0.8354122763641786,6746.771651909888,3967.306255938488
148,306,226,6500,0.0131859559907674,0.6789521032732326,6699.853873932586,2844.4547202847384
149,546,134,11000,0.0180199082810411,0.7708469511917422,11347.013359918623,4321.957611789294
150,460,647,6500,0.0141722369575437,0.7631219699722533,6754.663371164452,2923.3262033677634
151,628,801,6500,0.0223844624705367,0.5714829182290404,6707.82630625014,2439.561775730007
152,722,610,6000,0.0229575975621039,0.8206222980166591,6318.045092845959,3749.080495580344
153,398,569,13000,0.0221897038073435,0.6712358982334816,13227.844798580438,4664.56263189566
154,214,842,11500,0.0101978786861855,0.5572530292056813,11723.165271688256,2928.775004089712
155,391,258,11000,0.0071668484148189,0.6353489565802908,11276.058091761599,3043.363531982452
156,425,578,4000,0.0129795782274048,0.7916081138842194,4208.388670088419,2388.4971975515887
157,140,37,8000,0.0168191046244189,0.6997505370916197,8266.87355620042,3026.7064533324306
158,687,164,15000,0.0218646002143588,0.9395189321648184,15325.78477835284,7108.1607315745205
159,210,665,10000,0.0223886153361049,0.8058249479357896,10198.07193600576,4380.342792674071
160,257,725,14000,0.0217790036068885,0.8795809702514392,14393.827210729121,6276.6160620578075
161,355,737,10500,0.0238046941581444,0.7224807362474974,10842.066172037663,4405.177684477314
162,33,157,4000,0.0207408503853455,0.8406321113164963,4351.538938106712,2293.8503983786145
163,875,559,12500,0.007359306960463,0.9260847957748317,12716.696144230864,7194.252107025653
164,720,683,12500,0.0156362389697746,0.8570526836450334,12836.697924139758,6497.247503834803
165,132,565,13500,0.0228686466418459,0.8736869139351215,13797.267417636298,6428.741050514645
166,814,505,16000,0.0232428058603522,0.9598358334886576,16417.544347328916,8198.024452178059
167,57,64,12000,0.0139820622968893,0.7680417579428261,12508.010158121626,5048.741433494102
168,183,449,17000,0.0173099083180399,0.7350370491111577,17207.812548788028,6330.434187485726
169,816,639,4500,0.0097595689724636,0.8289904627216798,4696.34035398743,3042.2700878921887
170,731,516,6000,0.0167554390533498,0.6398633015510578,6153.872933783544,2644.687211994571
171,630,97,12500,0.0175876617062907,0.7544503690064275,12797.681410671741,6134.8418906392835
172,739,898,7000,0.0115155667650026,0.5172380308464785,7215.618729288396,1927.4698899114721
173,56,18,4500,0.0182200547370619,0.6210987466585884,4670.301416337155,2044.503590154693
174,896,199,15000,0.012917322001886,0.8996225616570829,15379.656677252948,6809.65475718884
175,356,644,11000,0.0091112940482926,0.8359706789100374,11320.925735418394,5067.501571723732
176,668,385,13500,0.0186251393139323,0.8984049441152411,13859.865550421422,6658.718490474886
177,501,386,4500,0.009343808132276,0.5891830106457869,4721.301328762708,1659.2832379547147
178,517,416,11500,0.0115417371405927,0.7636377822587098,11809.42767402314,4471.911562719558
179,225,850,13000,0.012868791195749,0.6681943378785347,13244.470174137507,4214.07626179386
180,100,601,13000,0.0244225421216686,0.8708235250008538,13287.183217926096,6195.027835094723
181,899,343,17000,0.0177707290118641,0.9277486226759136,17246.60229481254,10044.568103956
182,847,468,12000,0.0076914119237592,0.9427415400233708,12287.111897877456,6123.799941802271
183,595,836,4500,0.0142162848711345,0.6067919213414228,4639.035763971171,1657.6039182799725
184,871,254,17000,0.0146944133969713,0.9284196201734878,17293.0800433742,10456.606289025716
185,396,438,6500,0.0205806053353315,0.8126926730024511,6704.544478087842,3977.8604392852103
186,361,775,18500,0.0105423550012081,0.9189121943794533,18775.899277720357,7002.204809910016
187,355,741,8500,0.0093284440343121,0.5781398126919493,8707.054226120821,3313.805791962789
188,841,44,20000,0.0121501363503194,0.8877748566145526,20360.561556242566,9671.738301648837
189,527,448,7000,0.0181100700829122,0.6101019040535576,7203.553296617417,2327.1050322292035
190,55,755,22000,0.0050024175976362,0.9538439696889683,22429.31737533033,8899.439921981855
191,172,28,5500,0.009133937020355,0.31679082966853933,5599.355677479,914.3478943155424
192,266,551,12500,0.0066205143163381,0.9129178762676005,12862.595568393306,7305.998747236085
193,363,712,15000,0.0108527310777361,0.9504063029628343,15342.82172436189,7508.781711049822
194,799,504,7500,0.0245493522537129,0.9381197992690339,7864.984270704393,4296.916665980545
195,336,879,10500,0.0237585363498856,0.7586036808595801,10701.590506620338,3806.5152860443363
196,78,516,13500,0.0094676250214444,0.9238099850168527,13845.121529315446,6630.73784243109
197,565,892,7000,0.0101325846673003,0.46051863492148504,7222.099842694336,1750.0162639370346
198,397,158,4500,0.0100668126342755,0.5598224453782457,4636.645352582911,2005.3729236397749
199,449,281,11500,0.02061333644465,0.883794096575345,11806.747593284192,6874.055603990147
200,652,282,11000,0.0088917867976694,0.8469228395515974,11385.596862972765,5128.063607482247
201,151,340,7500,0.0161961995811801,0.9424738649146263,7754.56535715288,5374.8891988198775
202,452,179,18500,0.0166412749006998,0.768691503464302,18761.84901814131,6518.869271241583
203,23,387,8000,0.0193775316529763,0.5463956169939268,8276.507208824567,3234.1100771391316
204,498,384,5000,0.0216530217490974,0.8043541566589897,5276.484348066288,2475.279925715393
205,249,256,3500,0.0080185683144602,0.7897090874353836,3709.5152864543024,2494.0486243369896
206,415,731,12500,0.0167593219861845,0.6696503588255249,12803.651151069293,4814.420066770496
207,506,134,12000,0.0115861485243692,0.9242054823784107,12296.928794992235,5167.629204317219
208,451,705,11000,0.0145348819001852,0.9011593143634048,11337.268541112735,4549.901938403516
209,258,768,8500,0.0134120424569278,0.6548454211644366,8819.963285672427,3312.391694151842
210,575,873,6000,0.0131505199671201,0.4876372283097621,6183.689514277341,1301.0773000427744
211,424,461,4000,0.0175127355477133,0.8131194567924289,4187.399340885617,2889.7822276516386
212,616,397,8000,0.0057258498490974,0.7621901153128992,8288.16055333207,3508.077787291867
213,294,841,21000,0.0224877247962146,0.9012042890615629,21337.307902628992,9461.336928445218
214,162,141,5000,0.0070219611104813,0.726488762031422,5214.623997154044,2505.5240977666426
215,32,100,5000,0.020165591701814,0.8361359064732454,5381.09885357287,3118.4901811443447
216,15,96,6000,0.0113627341206734,0.6799530734304008,6138.026345278439,2204.485932332164
217,493,899,14500,0.0226625944458918,0.8418744474891612,14662.83243568579,5487.767308448494
218,239,420,18000,0.0101418522800665,0.6811616470688713,18290.034094712297,6198.386643013426
219,251,304,4500,0.0061561917864227,0.725144534696894,4705.7636731896655,2061.7661636417947
220,196,642,9500,0.0241081059062306,0.8193376186374861,9796.679347537876,5425.401129972657
221,123,674,14500,0.0050937765939845,0.9565196968962085,14852.607104282491,7005.110492113864
222,36,742,19500,0.0215453389291643,0.9345660219426412,19982.00410954773,8135.996608837728
223,112,863,13000,0.0216682570989978,0.5985585958385884,13291.659612459469,4546.039832490709
224,696,851,5000,0.0177143877879867,0.7884394506807708,5400.5717829501555,2335.3809557243667
225,109,535,10000,0.0118054689227784,0.6692276916799109,10255.09308978938,3487.0931530075536
226,464,271,9500,0.009011985305752,0.6671602654668924,9808.850514584321,3473.899533741448
227,872,727,5000,0.0210364045425336,0.8843606233840113,5236.884203618238,3560.4582415194045
228,471,603,11500,0.0212916681752613,0.8364350374725356,11737.576430819065,5129.919974973694
229,677,475,7500,0.0198077407208855,0.8524104643014916,7807.444920004816,3620.5220613553483
230,304,732,11000,0.0059336599325408,0.9352741536501238,11355.315640889237,5618.167754139336
231,164,125,5000,0.0089419936357825,0.7751520655949442,5232.048934408576,2815.057742239933
232,518,334,5000,0.010918863707497,0.5486344808374357,5253.273761792665,1520.920835986777
233,228,710,9000,0.0155142183764871,0.6711720026195029,9307.160229207113,3135.439574796893
234,372,175,10000,0.005199900706236,0.6840196886026482,10240.951354982935,2859.203704895939
235,581,260,10000,0.00583020033215,0.7473341666472435,10329.652928882268,4652.850185845616
236,753,808,13000,0.0158493734159158,0.4659203211657349,13158.250022981225,3437.9135879686264
237,64,686,21000,0.0085959776299312,0.9724426160873335,21341.106812782633,9635.37567788733
238,773,693,11000,0.021935180436326,0.6218687989533171,11260.148205719881,4352.381032606883
239,828,576,10000,0.0091713493578545,0.7439563572539394,10334.781171612478,4448.182243316915
240,48,267,8000,0.0063163787941021,0.534994448761857,8242.749803062057,2409.350312514493
241,104,209,9000,0.0092931565975311,0.3578057572762081,9163.58719447511,1988.9884613251836
242,251,41,3500,0.0130649787074684,0.47728123112012877,3643.4175824930567,1307.9352020691108
243,679,245,14000,0.0082323217967617,0.8445430180273803,14297.03316231637,5952.507673376262
244,732,323,12500,0.0177420161571517,0.9198739580752905,12851.867419671917,6460.920171734187
245,324,197,5500,0.0122243585239596,0.8526603885779881,5808.682137409366,3231.4009690700245
246,439,570,12000,0.0084173858415121,0.6589831286887162,12281.735174298166,4010.493431859178
247,791,530,9000,0.0228052263017688,0.9013075073670341,9243.612037030434,5351.676534456998
248,799,493,8000,0.0243062089714964,0.8437704445727112,8306.85523085816,4351.398736500488
249,732,455,8000,0.0129811311879852,0.6773490510182563,8194.495780930718,3719.5800259111675
250,881,452,11500,0.022373283866823,0.74698731588832,11749.009266017883,5478.901121369932
251,140,806,14000,0.0179472443492359,0.7166464485372736,14357.478523159616,5123.77276391596
252,286,631,13500,0.007382679121319,0.8596369736290683,13778.642613437503,5604.362571210539
253,306,125,3500,0.0171812826854742,0.5386221330198329,3597.56029779068,1146.9458033444193
254,100,886,16000,0.0126245519623494,0.776927916699991,16301.19333352057,5881.555433718455
255,720,341,12000,0.0145094948925801,0.8430470785688738,12411.993635307248,6693.673989734615
256,735,510,11000,0.0149889808355919,0.5187924256457574,11220.639424969562,3465.5634073485303
257,35,480,10000,0.0059367062537863,0.7003562211890484,10202.340928903202,2827.223924337519
258,329,674,13500,0.0123992215273751,0.7806891828691246,13864.07274592335,5740.462041825222
259,344,666,9500,0.0124751607532414,0.7838884974578595,9696.147794610177,3946.4054284307635
260,118,647,14500,0.0213931879938852,0.8947952363988132,14840.43036420139,8991.763870629598
261,303,505,14000,0.0156241425396645,0.8580847190226413,14327.40674452155,6145.142805392605
262,172,474,6000,0.0130511436956648,0.7842329064365703,6269.567712486383,3571.4310144084193
263,144,692,20500,0.0084764463695181,0.9683196480767668,20798.814631416757,10090.973455309906
264,327,748,7500,0.0227651742865782,0.6030106311147105,7718.5600217502915,3169.8031167477757
265,295,13,10500,0.0168320223254342,0.7196176999286622,10685.920807431492,3557.023054383622
266,43,763,12000,0.0148293034898496,0.7525627657868144,12354.106643368097,5373.546444410505
267,134,514,11500,0.0202759898203069,0.9738769448826239,11974.58617755279,6503.496120188011
268,523,828,7500,0.0192252187860793,0.6922199709385872,7845.045946012395,3156.7111796356044
269,308,267,10500,0.007882881147688,0.5718860806454781,10841.077907809318,3502.105229354619
270,638,779,12500,0.0214896264841414,0.6193874671298205,12752.641336590297,3873.874167048788
271,797,144,14500,0.0103007214468819,0.9165027936083784,14883.286486965168,5577.511367506734
272,587,223,8000,0.0102616865092851,0.7900134474404842,8278.121511906254,3805.969502613402
273,443,419,3500,0.0118622963667536,0.48266498531018387,3711.14612438488,1012.749325055533
274,893,371,14500,0.0166172846466143,0.9317961536853724,14840.583060577848,8049.302899786349
275,877,179,23000,0.0128332890693875,0.9331965755538677,23150.270219330385,9686.212860522832
276,67,437,11000,0.0068662299879139,0.8459414112181428,11331.031837893153,4983.026215137708
277,399,826,10500,0.0199822783111646,0.794032505114103,10791.788760360889,3940.944659278396
278,661,197,16000,0.0223041592936143,0.8328815286739566,16273.752581171542,7782.969825650553
279,201,451,14500,0.0169668877554809,0.7998015605724427,14822.574239961306,5800.602419496135
280,86,615,14500,0.0165943762601101,0.9430905657881866,14992.897137045162,8580.333436953602
281,260,236,3500,0.0212978907039019,0.5871750066796624,3642.482673130961,1334.7199936993218
282,775,810,13500,0.0176678440967909,0.5347544674439024,13730.18256217272,3066.2004913569035
283,529,550,5000,0.0239040072055039,0.7778207918084383,5187.3502761651225,3191.6478044434753
284,587,354,7500,0.023365360436418,0.8481566470459446,7709.623233015979,3705.6874395664026
285,175,426,14000,0.0110147463631955,0.8770994518020943,14312.124060209242,6778.323100304552
286,675,170,11000,0.0247805827709787,0.8054256018583894,11321.100246465223,4599.85605267716
287,126,194,5000,0.0161305568643199,0.8345785881505806,5340.9355277214445,2672.8301207931336
288,404,896,14000,0.0082927154274683,0.8478503428532077,14304.207074254899,4904.069358468223
289,581,27,17500,0.0176516847244232,0.8836938527401672,17768.051962343587,6855.30898629506
290,86,825,18000,0.0187515325118334,0.8454548641042606,18454.341786233726,8469.211865022648
291,176,802,12500,0.0180839943657867,0.5603122444242146,12792.678075929212,3776.448678021759
292,334,704,11000,0.0075903472823765,0.9279096854653645,11315.74703405904,5654.75167988429
293,768,58,17000,0.0060522320786034,0.8596314435349688,17339.438404754426,6020.14109562805
294,691,857,10500,0.0055415990289515,0.819147420817386,10881.641607861213,4147.165694087912
295,560,232,6500,0.0101687403385232,0.7101507510694745,6836.461329033262,2630.6123359508993
296,715,351,8000,0.0231817381079624,0.8988182356449711,8236.8703922038,5156.220149506604
297,495,756,9000,0.0089666866949292,0.6825206486699138,9230.534112930225,2464.5495364699655
298,71,29,10000,0.0122322970438359,0.48276706259752944,10062.878591351624,2217.7071265157697
299,542,38,11500,0.0216059028080676,0.623355369648642,11723.309591503144,4251.941940320705
300,898,662,16500,0.0103205204338436,0.616366728462953,16885.928894986428,6053.227678991884
301,551,308,5500,0.0236791334072737,0.6262461562709497,5713.76751001971,2321.592416459732
302,117,333,16000,0.0172067083833744,0.9470207289949132,16332.91094261613,9094.438308127934
303,513,409,10000,0.0149268872923005,0.7480878975352596,10306.088083854731,4379.323373912374
304,519,664,5000,0.0249046158336159,0.6859973907801424,5203.817938426035,1919.7411142454669
305,363,698,8000,0.0185335679556893,0.8538219522694723,8303.467267684697,4410.210711366707
306,533,484,10000,0.0098974186812136,0.7544411212735945,10312.14076244188,5098.941841967508
307,745,476,5000,0.0193787389914317,0.798344353497589,5234.3204048336165,3085.581644882677
308,881,354,15500,0.0172009303021858,0.9399979449130351,15802.741143472036,7106.693626754454
309,408,184,10500,0.0130648806041093,0.7599324931769121,10830.068525336445,3276.8485587318073
310,769,211,18000,0.0227775894523848,0.8647906456721746,18329.982643066665,7441.8521874709595
311,365,288,8000,0.0169325139995668,0.5633880535187594,8229.05484299004,2395.1688450909783
312,6,204,12000,0.0065423708685852,0.662046519593702,12426.61293057305,3932.8073413691122
313,513,833,15000,0.0170584275288191,0.9035758501593016,15164.607501416049,6170.1017258753
314,604,727,3500,0.0186872200919335,0.7361901703744682,3692.621823768899,1725.1598962041635
315,221,602,11000,0.0102349018353966,0.7831640864414109,11290.590167607797,4167.932497846639
316,510,436,9500,0.0073608166010964,0.6759477970934242,9807.527156473745,3646.5241534725205
317,672,508,11000,0.0200417172544664,0.8031392173214267,11274.943782836914,4421.503485609589
318,781,4,14500,0.0079603797753201,0.6002420407260765,14750.681370043943,4527.802209228388
319,188,600,11000,0.0181522610762364,0.6894181246088752,11178.941561792042,3670.292085248826
320,305,647,11500,0.0220522363896824,0.9406992994221816,11882.222007466196,6381.036226985015
321,534,294,4000,0.0142877335760566,0.8279074547748464,4183.704689993449,2883.0196771787755
322,114,445,6000,0.0054859295792738,0.8330259252126196,6257.80180266024,3743.2813295263713
323,216,561,13000,0.014801503512543,0.8527459390400787,13348.996586239575,5988.211346435297
324,449,866,8500,0.0111542329626143,0.45955527373387683,8748.640490548401,2258.4113895195915
325,457,694,5500,0.0226481366387985,0.7415003574839142,5786.734211175595,2095.06507199188
326,787,152,13000,0.0166906862086261,0.7042008316044338,13328.619632088448,4147.2699205986355
327,832,843,10000,0.0157315641958255,0.7389769586352086,10370.618649295648,3471.132012391722
328,690,92,11000,0.0121257475492499,0.6504452862522665,11225.332519981215,4610.012687880928
329,227,409,4000,0.0157483220452076,0.7136495871682167,4163.324253993,2264.731765692919
330,414,154,14000,0.0065243587356902,0.8893731904460542,14281.194969457447,5809.454515895529
331,588,577,5500,0.0230586209262114,0.692529256127093,5679.733644029923,3294.4662826128433
332,890,794,4500,0.0223220325761554,0.7473869117221332,4791.075596769617,2670.462870440197
333,715,257,11500,0.0238921958147087,0.9557829218936131,11744.301114040301,6616.884622290565
334,267,775,9500,0.016291230039387,0.8224390636615849,9842.921440343458,4902.24449509289
335,861,484,14500,0.0070950167782639,0.8607272252645847,14925.795975812665,7274.743174682682
336,328,868,9000,0.0185255881461209,0.48101236859722885,9248.326631923732,2530.831159350763
337,538,663,15000,0.0248255078718081,0.797743910975733,15337.872883671365,6128.108276201312
338,767,745,4500,0.0180074264044868,0.7887170719174104,4746.995869932573,2619.116522283571
339,796,587,4000,0.007579684407144,0.8358278761158446,4211.125424217937,2695.893789426325
340,141,739,11000,0.0140968227616821,0.7040811978364324,11204.745165045477,4785.660309187518
341,882,254,11500,0.024888016884024,0.8098466950020389,11781.818991298807,5662.275655593366
342,462,22,12500,0.0182363328194367,0.696254010080823,12672.646732053605,3652.4179569422636
343,113,710,11500,0.0096570184264117,0.6909325789858685,11775.84633573522,5789.562142150134
344,211,897,24000,0.0174267769399557,0.9459080319008579,24300.69615473216,9775.88166299842
345,515,581,4000,0.0168336396485904,0.8055636581587077,4295.323331229998,2607.871561874577
346,794,481,11500,0.0178392879837686,0.6513688630382168,11777.608833906896,3781.265484620857
347,168,359,8500,0.0227395147860775,0.5047577344916139,8723.513902109948,2116.21899578634
348,518,49,13500,0.01884682315572,0.6986382732670418,13751.691569977706,4803.983886550912
349,565,674,7500,0.0247705142080949,0.5879714424572561,7701.938876178645,3002.746190629145
350,196,882,13500,0.0235361699662871,0.7007973590896439,13773.22656610842,5356.532610798101
351,574,832,13000,0.0104694180716157,0.8931324026705939,13237.045873384644,5085.743014184946
352,594,390,15000,0.0245646582605996,0.6534759505598513,15196.363789267773,5136.240976460834
353,432,127,7500,0.0141512502344649,0.6589156857083074,7736.024109592752,2523.5419830485566
354,877,832,8500,0.0097052564846971,0.8097238094550795,8670.836818758027,4164.260784648188
355,248,263,7500,0.0220043922857255,0.693548186362327,7743.141885017419,4204.6173527531655
356,274,785,9000,0.0113986042961358,0.7549539103851134,9327.54782686134,4076.83161556399
357,759,456,6500,0.0090623937486968,0.6108973813423813,6695.049940183092,2282.7777965142127
358,840,221,16000,0.0138222615930002,0.8590073925448874,16342.222908416741,9458.809097775647
359,344,854,8500,0.0090208376586271,0.6783395529334252,8775.973390259083,3342.6181904066016
360,453,616,9000,0.0231052172883617,0.8856817538744061,9301.068014002252,5187.775905427487
361,108,60,9500,0.0155474767576422,0.6525598620553467,9722.716997519474,3817.6987403918415
362,819,90,16500,0.0121323464170659,0.7847875886825446,16743.538018377225,5800.954142383244
363,861,7,21000,0.024848134663586,0.8336418346096961,21344.255397412224,7619.663445007426
364,329,369,11000,0.005391138222192,0.8446404964336696,11334.016467516418,5560.930715129037
365,713,47,14000,0.0223109105667982,0.814502250155679,14370.208969773203,6152.713942812802
366,191,374,4500,0.0115384165604369,0.7563548023793812,4697.160778982289,2598.278533508184
367,673,715,6500,0.0143102413832424,0.7115031425053459,6731.604735665254,3480.528203989216
368,695,182,10000,0.0244313644937609,0.728115198910636,10271.645949562411,3270.308047846228
369,143,643,13500,0.0169250807943315,0.9073035827236491,13787.52218376554,7497.301681102412
370,854,47,15000,0.0199585319245238,0.6732753949103961,15198.41654777543,5386.188506022499
371,263,700,14000,0.0204152384874249,0.7490560343016129,14276.852627362518,6662.691937136448
372,155,762,13500,0.0181066284130472,0.9068436237622552,13941.533145994614,6017.147286506799
373,366,769,13000,0.0057067858705734,0.8975449310890395,13236.84330980129,5408.722201885823
374,243,198,8500,0.0107844849431266,0.7459319017173365,8731.997781345844,3507.4451872565774
375,793,274,13000,0.0120495096927134,0.7235035775214813,13215.95275833519,4523.361702526222
376,349,451,11000,0.0163574960509217,0.6317958449212822,11248.257592314583,3499.3785132075127
377,412,216,11000,0.0088077467405162,0.6991873128094199,11264.696606542902,4120.285644558339
378,821,272,13500,0.0167383463848264,0.7410467146403629,13690.438155869819,6361.474954648973
379,60,244,5000,0.0170895606949671,0.7434696297744118,5168.371226578428,2803.4316296230822
380,528,776,8000,0.0223511439668081,0.7428267006470002,8267.101604748017,2715.732128248654
381,609,25,18000,0.0192975532838388,0.903039110366255,18217.946629165028,8034.17996939941
382,485,342,6000,0.0054234350515228,0.6218338996903352,6267.15944746036,2049.9422953958106
383,723,557,10000,0.0153171415782105,0.9324562763139295,10289.334940776434,5547.472506369744
384,114,189,9000,0.0130942419414157,0.879036098339395,9274.13962186011,5447.43596095302
385,472,84,7500,0.0056530878609315,0.6302036305197825,7778.663391694258,2465.2530044697314
386,348,215,8500,0.0071377712982972,0.7126147647876643,8741.327256714952,3207.351685480269
387,72,817,15000,0.0177525151646189,0.6887274840447193,15346.635770369376,5138.771311434163
388,445,867,8000,0.0206051696580829,0.4690740703145734,8197.419279089727,1942.4508485334493
389,680,401,9000,0.0104754459748448,0.8073217419738216,9254.245519821405,4351.278066254304
390,193,758,12000,0.0073022826805158,0.7091090317886577,12334.654533181194,4542.797875571246
391,616,533,5000,0.0237510849478414,0.7709194865408218,5208.947448101427,2452.359057743211
392,161,524,7500,0.0080784420251827,0.8121954109286981,7730.311255455106,3945.267898942627
393,30,457,10500,0.015861753931277,0.8711725672379177,10754.666937930093,5476.801775394446
394,275,407,8000,0.0109627655796124,0.8679702102235115,8294.12407765,4962.703906167816
395,724,452,5500,0.0176758807189634,0.72598641157043,5760.213222218533,2146.061190262767
396,204,697,17000,0.0153186100609,0.8678120950837361,17379.85332125529,6435.822349666722
397,36,879,15500,0.017340652919648,0.7430698737497747,15784.701768906072,4572.76767881976
398,2,470,16500,0.0179592655022781,0.9544154569747113,16748.045910313333,9753.33676645406
399,268,691,21000,0.0142502765615967,0.9354266487917875,21426.216511536946,11044.111550811851
400,575,62,10000,0.0118374991536344,0.5834701063349954,10217.110502253528,2847.5656859734463
401,194,754,14500,0.01153044454951,0.913044107119028,14763.151101813539,6187.132892022262
402,739,351,7500,0.0125231485059253,0.6769081469403955,7716.442748702896,3562.83334397145
403,249,551,6000,0.0186311192630441,0.7614738890614577,6234.805932396196,3403.841520781101
404,35,164,6500,0.0109677832020401,0.8359766048315969,6850.335920633813,3466.4102114848065
405,602,103,14000,0.0195150421243836,0.8219780728987431,14404.378235777722,6747.483548805066
406,519,194,8000,0.0104959258406938,0.6799306402866513,8280.577681496548,2739.634478232632
407,123,100,4000,0.0061441815643641,0.8392853377251561,4242.643188111491,2539.0257905113995
408,690,383,17000,0.0075681611565415,0.9564086045394403,17511.720945529876,9344.595485309974
409,838,800,4500,0.0128668021213925,0.8566826980493749,4793.857956420776,2999.759879699157
410,373,807,14000,0.0169995005244642,0.8815400256792796,14219.825417430155,5249.485242802665
411,327,486,13500,0.0124662911978153,0.8344910561343134,13934.296811656082,6193.660021715013
412,877,555,9500,0.0122662075801475,0.930538307088122,9710.069020925139,5704.90520501757
413,542,617,8500,0.0094953306504119,0.8478998618287987,8828.500620640812,4683.559720353017
414,89,318,9500,0.0139563214379144,0.8939217959602955,9764.055580604654,5776.4556394329475
415,120,622,19000,0.0083908162503923,0.891319203561837,19305.85151439528,8816.304761192823
416,275,777,19000,0.0162505297474615,0.9434351386575122,19293.181481890373,8129.024810056623
417,253,523,4500,0.011760784213602,0.8953363057057929,4612.053294168145,3570.1065728066474
418,884,652,8000,0.0155415168795372,0.8676067614999706,8279.530094772776,4226.976627286485
419,743,174,10000,0.0073371079710079,0.8658435534780933,10277.330698687683,5462.103572321794
420,130,185,3500,0.0213725805429711,0.8075042844791975,3678.171131636153,2197.4740361065724
421,362,89,18500,0.0105656051970981,0.7210273646811034,18802.647692075487,6072.461327218583
422,609,288,10000,0.0169109163360639,0.8246330879814101,10256.85800275547,5609.837976866711
423,871,46,21500,0.0117998342535812,0.8531291407088973,21769.564703822245,10802.110514686201
424,850,795,3500,0.0185089761405916,0.8240444645739731,3701.929529739542,2327.6394991524376
425,315,279,3500,0.0224660333671547,0.7021816884203115,3688.0307036016466,2095.867203969744
426,186,224,4500,0.0120436660296118,0.8337913578277744,4786.032436695551,2724.2323583077496
427,27,511,21500,0.0242291253666869,0.8705700990669387,21809.650971013736,8319.311341962652
428,585,422,9000,0.0200116335911719,0.7207024405202709,9289.320625387294,4026.0583442589636
429,55,517,17000,0.0173096809335299,0.9209558130715189,17428.043403595064,7567.5737354745315
430,206,600,20000,0.019804144603676,0.884375087766519,20332.45188005708,8417.727739623411
431,500,580,6500,0.0131579404828209,0.7186793455055565,6722.271954658103,2890.0919377096043
432,123,419,17500,0.0241521599874038,0.8081686440070219,17855.89527045672,7973.765615871152
433,5,269,16000,0.0158756655834139,0.624044004473029,16204.199912509237,4394.743111333515
434,606,394,4500,0.0221576901346195,0.6400036528958754,4705.127468798049,1590.0217485617386
435,432,802,11000,0.006051357087119,0.8467056083260942,11327.11507440212,4113.797421151009
436,590,386,6500,0.0216664831953802,0.746146227493119,6769.289845257554,2592.2748884250373
437,727,856,6500,0.0067375892052523,0.7594847081403697,6862.017332736903,2753.7053834082435
438,120,593,19000,0.0200271241076983,0.8739984926423726,19310.365125008542,8808.074082577627
439,521,529,4000,0.0118175277897362,0.8155333715874458,4162.587529748328,2641.3772556417575
440,591,831,4000,0.0123058633891466,0.6171285360120933,4140.186693232172,1808.0798232561278
441,471,478,3500,0.0146098234456884,0.43514253286432025,3623.779834033689,1226.148915390892
442,33,71,4500,0.0086238810186709,0.7610850219782965,4848.43420770815,2309.0244244064124
443,321,48,6000,0.0096254156349982,0.6169399882509166,6159.996835193357,2135.302204318385
444,355,63,15500,0.010413888306212,0.8505696278154204,15767.748708682917,5802.067359072395
445,662,180,9000,0.0088724650557681,0.6146287830417887,9123.17879219078,2877.8430202119985
446,284,642,7000,0.018033268797773,0.8160045707920455,7298.858139523425,3851.024540830699
447,143,478,8000,0.0162487756121094,0.6045642488127652,8226.64086471132,3033.991728472387
448,528,781,13000,0.0197429373164269,0.8111140850655996,13248.058876385616,4565.047591890073
449,878,157,12500,0.0094156785028742,0.778784392233485,12842.465385758822,5758.913468017721
450,265,773,9500,0.0234589913787106,0.619141141531076,9707.751768315571,4286.129403997517
451,491,208,13500,0.009936618752485,0.7587054993523672,13749.63422195843,4333.0717054721235
452,658,645,6500,0.0183666390682627,0.8921560510414983,6793.850838188957,5000.524828012907
453,878,621,11000,0.0233922638834161,0.9154849367225107,11245.887516247121,5687.7607951852215
454,50,812,22000,0.0092180921394359,0.9163038699100614,22296.967260217672,7391.199801484249
455,358,695,17500,0.0186464180488262,0.9034219422120027,17956.679541166373,7575.210840064522
456,768,724,7500,0.0111334714263233,0.614331634441417,7779.444520733616,2794.5492775287626
457,635,449,15500,0.0197856848269834,0.728935792622528,15789.720494221041,4974.177890470649
458,74,354,9500,0.0233781800187851,0.6787101828474082,9760.615087579556,4189.981829115405
459,649,106,10500,0.010641670512,0.7550181947110272,10790.575063293403,3914.3902026569626
460,833,184,20000,0.0246311026889376,0.9639505617697024,20443.54462550125,9083.074692327473
461,824,589,6500,0.0216488233471304,0.8772111012481125,6784.960804116361,3737.296150350427
462,495,483,6000,0.0137029416100878,0.7176110481184057,6211.895806063981,3257.754878567178
463,135,554,7500,0.0203113048772958,0.8703499646969864,7748.28749400986,5146.91062974121
464,592,71,14000,0.0069220610352588,0.8676250157848944,14351.356332846848,5198.100473355652
465,125,164,5000,0.0090978680688462,0.8233988675908384,5264.767318750967,3115.2365858187936
466,820,116,20000,0.0076806351647765,0.9376098960693514,20288.88823274312,7587.703812136603
467,132,363,8500,0.0192517262921651,0.9295979318688344,8796.96416709465,4731.797105078901
468,556,328,10000,0.0245767212039604,0.8268626859231141,10303.520310333817,4349.102624582452
469,326,496,8000,0.0154313914783318,0.8136485704081498,8288.276892441696,4422.799340629044
470,13,554,9500,0.0110272793858698,0.8880855662726774,9855.85084776299,5040.438018522925
471,284,24,9500,0.0113317228131558,0.5978970451650673,9686.40978020007,2490.98777784563
472,863,133,17000,0.0056011331622848,0.9436875113317009,17423.523552451894,7063.653346380693
473,637,27,20500,0.023471311909259,0.9146868701863006,20774.40493631012,9413.807178791045
474,97,574,9500,0.0191323558009331,0.9455967532109336,9875.268613100741,5865.044149984707
475,201,768,11000,0.0071285550727452,0.6372208638217468,11275.730511094567,3388.1409737098256
476,213,591,15000,0.0149763415704276,0.9327157417459926,15324.736567322472,8205.129518233613
477,51,835,15000,0.0088286450607403,0.6183975081425045,15293.36422837285,5132.81293777642
478,808,405,13000,0.0242662540198456,0.9373130445639959,13333.312738737839,7762.614050966772
479,476,404,7000,0.0075765282106766,0.8100907142697072,7325.811354076477,3588.582477721086
480,466,853,8000,0.0060307658334328,0.5928465045146467,8298.542283057202,2873.237710467685
481,763,497,6500,0.0236159428902378,0.9020782684769306,6752.280290996589,4260.546016310699
482,169,183,8500,0.0240693119400155,0.8424634136633764,8773.725926163108,4311.874635531164
483,696,497,9000,0.006414836258327,0.9355843712911923,9233.674786224767,5027.275898797647
484,704,232,12000,0.0099187811010476,0.8268274793781534,12355.339100637018,5178.434652503581
485,661,619,10000,0.0232403647522816,0.9016206265396332,10231.903611443207,6130.640356775264
486,434,27,13500,0.0150673163740505,0.695240711423631,13694.70765207764,3392.2193002855092
487,59,99,11000,0.0168453495299392,0.8145867640891475,11284.846963932965,4801.277301292346
488,339,121,7500,0.0103558689172041,0.6375563017197631,7731.735718748067,2259.8700125621126
489,303,315,6000,0.0064639951319419,0.8754947553610051,6180.606525417557,4492.931839782951
490,226,664,13500,0.019060953418773,0.9220541473445925,13781.941464230971,6344.008631974114
491,17,501,10000,0.0198441665712717,0.7332629685966415,10312.207031116484,4724.404421166289
492,146,273,14000,0.0237104895166635,0.9359944214337488,14374.491479770533,8708.766496591092
493,495,770,7000,0.0062996056464573,0.7525728964874441,7349.353425284331,2455.0691918060675
494,455,403,5000,0.023678836450433,0.7102198274019635,5211.334945508823,2342.6066791423905
495,576,217,6500,0.0085716309540981,0.6834003045510939,6710.439308425633,3045.861361687334
496,795,486,9500,0.0213072148421024,0.8045052623221136,9764.954994769481,4775.040447961108
497,495,85,12000,0.0103596572007633,0.7366431722079789,12366.631517195694,3767.6628953036106
498,99,721,14500,0.0213652455054426,0.881118612173907,14805.595742909742,6327.101810226268
499,45,95,6000,0.0213652999402088,0.7954925321231481,6267.081642620434,2812.565925262424
500,364,39,8000,0.0128726828413918,0.5571851238825833,8228.342867640102,2420.9709617044714
501,893,604,14000,0.0242646285736822,0.8273149580974625,14334.42697502163,6847.370490861422
502,697,10,13000,0.0091233082856439,0.6231427371415869,13279.051329765829,3859.956622366476
503,894,306,18500,0.0158563856811192,0.8981030707847097,18894.61674011248,9254.88582170551
504,302,739,15500,0.005328527745465,0.9439299891044826,15943.648253863556,7757.580089954889
505,416,234,4000,0.0204850198116325,0.7569033344736895,4180.594558653034,1826.8502232772237
506,18,616,11000,0.0138643899846058,0.8664693048872179,11321.574131794985,6853.084775780336
507,709,808,6000,0.0092457575071034,0.4906862847116399,6165.286940358639,1638.0909892604702
508,259,0,13500,0.018696304110822,0.7984401839519562,13687.151811972048,4685.278106039767
509,528,294,7000,0.0074687700511349,0.8146672083974769,7188.2443918027975,3132.309751085123
510,725,572,4000,0.0214199145990119,0.5463581563594136,4128.777103764922,1574.7770316618235
511,726,705,5000,0.0239976942769031,0.8483097588660381,5247.205549172631,3332.814845273284
512,862,576,12500,0.0055963660306145,0.8754997421308964,12919.526607345399,6316.525657898213
513,141,14,5500,0.0089687164423457,0.45945360787007183,5616.513397257944,1609.4037275481173
514,615,888,6000,0.0064307544095101,0.47553254337210227,6203.803939000133,1287.5409777965228
515,673,367,8000,0.0101847892945585,0.7158331992190952,8263.591496840996,3100.2721302846667
516,403,638,6500,0.0198501539078276,0.7677754228396576,6760.1452154640265,3359.8061842009693
517,389,131,13000,0.0065921506757482,0.8922194711313747,13255.557047271606,6233.714834026983
518,503,227,7500,0.0239056656703264,0.914559070227689,7802.739838809616,4705.239054158945
519,286,681,9000,0.0231363576831633,0.7036078508745491,9237.434321931265,4188.7136924155975
520,796,511,12000,0.0101060480027593,0.6204367516474657,12296.154338638922,3677.2332472212697
521,443,56,8000,0.0073453532129683,0.5225933955654236,8115.017714469093,1870.807347513733
522,672,361,10500,0.0081038646254366,0.6567134734764708,10655.19366166476,3471.202629704879
523,107,721,18500,0.0177806721873626,0.9515555183285634,18847.70946105562,8341.148011730842
524,370,11,6500,0.0196253604963265,0.5014236878241178,6703.250696849746,2184.9811411746946
525,451,63,7500,0.0148693047555199,0.44569191315811374,7731.879768326154,1870.7900160321317
526,155,648,14500,0.0173304802467551,0.9630640398832598,14862.324455027318,7542.630555530017
527,677,320,7500,0.0163313114786437,0.7146843996337826,7750.769288971443,3426.941738399841
528,130,225,4000,0.0068230420663766,0.8012617820309782,4240.58343003611,2442.9791378177715
529,413,632,14500,0.0135610775437162,0.8350443253397568,14805.790424343226,6139.495443185405
530,640,257,10000,0.0074610481384814,0.8018211329651981,10233.250572551997,5088.220148548606
531,689,486,14500,0.0234957755297918,0.8869095788033486,14765.889661772891,8252.20641912359
532,232,517,12500,0.020985305312228,0.8853083658361975,12873.708075784816,6709.748841751139
533,859,417,11500,0.0208623717403057,0.8601922888945996,11785.548982376442,5335.838631172547
534,836,221,17500,0.0180994318624402,0.9575975946243414,18040.913165342477,7483.417969206252
535,73,268,10500,0.0156510046972685,0.5512375927679882,10766.596276764309,3126.6338735271856
536,283,400,3500,0.0081027276764206,0.7588784990566307,3704.2271228331897,1972.69939255863
537,626,333,16000,0.0243048814227695,0.8634487163858373,16336.833463567964,7241.147655280108
538,467,611,5500,0.0218564553702494,0.6584224626837181,5727.762601044033,2352.601567520536
539,602,656,12500,0.0077033387755059,0.7869062612075568,12907.607036218089,5703.915665948173
540,602,349,13000,0.0104466536944012,0.8490213950150651,13319.780218590824,6755.36927418404
541,442,577,10000,0.011669778693976,0.7239734271217299,10295.804891920669,4195.548173203052
542,219,440,9000,0.0120283519318999,0.7602896727263011,9320.977941835434,4135.81735617988
543,342,24,11500,0.0072309058305995,0.6495691660508545,11750.51945223406,3318.148393278469
544,713,171,10000,0.0208645386143332,0.8465948381729866,10315.890583640063,5454.129735142522
545,484,32,8500,0.017538410838339,0.5738216723375664,8699.783393770449,2345.9988024242807
546,640,200,12500,0.0200568042460012,0.8551093148920679,12767.581911112162,6435.205978361061
547,834,569,7000,0.0085575511811666,0.7457348365268177,7268.812049290749,2331.5262837306973
548,549,299,14500,0.0189612484746783,0.8426216569243784,14771.480570660475,5846.465509066945
549,531,402,6500,0.0058631087010699,0.8036489628950378,6711.689015256746,3387.4510941248823
550,708,427,10000,0.0162065089367023,0.7794726811657577,10373.403276141542,4370.560850176097
551,131,730,10500,0.020256661671598,0.5966696727273502,10688.732354062427,4274.197145291522
552,527,392,9500,0.0121046967243595,0.7416729126639148,9835.066797054247,3146.038128890677
553,192,651,12000,0.0089341897500679,0.8955235913459589,12280.287444660913,5727.490393023383
554,131,471,10500,0.0141007944428894,0.7760042300845689,10751.68748488528,5657.007588599214
555,461,893,13000,0.0115656361504637,0.8113724596222807,13275.188351629593,4184.847003222755
556,191,25,10000,0.0141957618169537,0.6298617009983393,10150.251548908607,2663.470447968495
557,75,614,9500,0.018841544046,0.8880221230090365,9830.314830885418,5733.226913599779
558,493,879,8500,0.0212193274136272,0.581775044896987,8717.780759093375,2491.9721783422942
559,723,707,7500,0.0182379577567515,0.8865417749788408,7728.386394404093,4712.063299583181
560,385,625,4000,0.0084031398322773,0.7374863902463961,4242.740238759026,2191.271811814681
561,544,227,12000,0.0055539351609141,0.6896264038034097,12310.25701137582,3986.134076341129
562,753,138,18000,0.0127844580095901,0.8822154863864697,18399.573277321884,7959.773635548575
563,176,701,16500,0.0056162714241012,0.756898601143447,16892.665948191167,5927.059240735129
564,145,182,12500,0.0224008826756977,0.8832229386396223,12808.541452862088,6446.04928295076
565,469,69,11500,0.0242008495041423,0.8877135951989443,11858.144970239899,4586.110423171286
566,202,161,6000,0.0196533648861255,0.7990835111918331,6199.354637591735,3527.5895428795234
567,120,478,19500,0.005793226707735,0.6437082089205914,19701.91495060344,5328.394396248148
568,735,129,13000,0.0075452490849154,0.7865163377871108,13217.594047462462,3965.747614522587
569,703,432,5000,0.0241857590718972,0.8129943991736277,5201.4786103904125,3315.6741688800316
570,421,520,6000,0.0066727647471169,0.8479609005397597,6241.701274363282,3087.3723837010643
571,815,469,13000,0.0169228055676918,0.9321995836200818,13357.766155940011,7084.653146113188
572,211,145,13500,0.0078800924323626,0.6378318422322684,13815.517182493446,3525.659889342789
573,89,563,11000,0.0108585240833691,0.9015980429748081,11318.632271901804,7082.224190536779
574,333,286,7500,0.0182451473403226,0.7695699773583001,7711.972596919449,3923.189097718391
575,654,192,13500,0.0210522668470961,0.9690069058923075,13799.675278206807,6711.622008047299
576,554,853,5500,0.0236362981371867,0.534338543352841,5646.123422933503,2033.7560908929054
577,355,376,5000,0.0238271951743417,0.8482377162654877,5199.037473007837,3451.437057418911
578,672,804,8000,0.0125119573591006,0.6908622462681819,8307.113751325754,2848.635433241485
579,780,776,13500,0.0187660133280258,0.7853343588260346,13838.198611923643,5701.9604086214495
580,504,891,8000,0.0143353353529552,0.5026967079943568,8182.658821429256,2009.2183688022099
581,760,56,20000,0.0196312145573209,0.9447371751311219,20244.514011324038,8893.143097289962
582,301,286,8000,0.0212939385964241,0.87375647512911,8249.282194157766,5316.916123571525
583,563,882,11000,0.0133635972483127,0.683301255610058,11142.645090475597,3520.6612272280427
584,614,99,11000,0.0152624403086305,0.7355883117436752,11211.322987115556,4147.825534091261
585,0,403,13000,0.0107369099520737,0.9013784635054083,13250.38177988483,7004.069756236212
586,323,340,7000,0.0236752217204208,0.8446593028457736,7237.705009258582,4688.474922618416
587,173,764,14500,0.0117152803088538,0.8350771137809627,14879.121608484544,6411.4150628965335
588,330,15,13000,0.0230729104445245,0.594010693881721,13306.50981268673,4371.180151795784
589,252,409,6000,0.0202140626394232,0.7506063819626831,6246.907339532256,3416.439205006852
590,847,549,6000,0.0151376299914706,0.903232404622237,6255.208456161442,4237.568273590617
591,113,644,13500,0.0239806531534854,0.9318501274383622,13776.813672961296,8719.414826754522
592,833,97,20000,0.0109962390445204,0.9631830490840103,20488.231338199173,7972.627357833366
593,802,561,4500,0.0235134304620592,0.8322678091351331,4704.847145354887,3092.809089001775
594,850,604,7000,0.0212604834742021,0.7206858781387504,7284.5027366766635,3415.825359442701
595,453,817,8000,0.0233595451869618,0.7599598884582328,8204.866805401081,3270.6644378062397
596,302,713,17000,0.0067773227825714,0.9402756142419607,17367.48465418031,8470.008820991186
597,734,835,7000,0.020817207460135,0.5873791151563014,7286.409064132363,2462.0937751880133
598,310,424,5000,0.0092298525341012,0.8378415560980823,5325.667782247506,2170.1266622596354
599,365,383,9000,0.0217529548396236,0.6768599654433081,9274.782522114778,4601.328254912067
600,771,289,9000,0.0132233724390068,0.7213728073573271,9238.714980049592,4023.799564556834
601,620,746,5000,0.0072757122523198,0.5193401699669109,5176.32072673213,1312.8450874774333
602,221,326,9000,0.0144854054053504,0.5759796238783679,9257.110056962174,3381.114698184008
603,299,580,14500,0.014851277551172,0.8734374792529337,14872.132470511115,7872.871066151521
604,771,300,18000,0.0168986089832883,0.8223792435997321,18319.477240485587,7933.8643151199985
605,172,507,8000,0.0100658160200673,0.4106305092819308,8197.156158400921,2103.8689246498147
606,267,21,7000,0.0101796757316297,0.6773747631750835,7218.882111167788,1985.9781585736441
607,865,89,15000,0.0058756898298444,0.5795147681826853,15179.855645151512,3927.9801611932794
608,868,634,15500,0.0155925544832667,0.8078981004910181,15847.470281352604,7484.980426476958
609,77,523,9500,0.007253321442572,0.9209108619908692,9841.890697074661,5616.192825784272
610,601,94,10000,0.0224952124449075,0.7764904808877404,10265.765329317815,5744.295355371787
611,748,203,11500,0.0214917833229464,0.8277277375466201,11728.614361924894,5909.923112621589
612,75,510,15000,0.0231238906639658,0.8694628383355305,15233.286672136892,6178.0920185247505
613,329,168,8000,0.0185866642883672,0.7637076095510031,8333.99110252439,3190.133912091506
614,622,603,9500,0.0156735194802727,0.7218952757004178,9797.65786517323,4391.4700278963255
615,388,348,5500,0.005198209454975,0.8213849207203963,5749.69098597839,3463.008475216626
616,538,294,6000,0.0138270309705718,0.8246339294946704,6297.099238725151,3171.84868758112
617,25,215,13500,0.008287948512428,0.8235942922166188,13705.61920378257,4707.421425994222
618,750,151,10500,0.0175305715307367,0.7515120916663344,10789.415364767212,5444.557874237396
619,514,97,8500,0.0193924284554193,0.5948113872409485,8776.243699563656,3375.109558604568
620,107,588,8500,0.0247749300167514,0.8687797819639093,8733.193902875615,5885.117298318167
621,847,668,3500,0.0175186338903988,0.8502110447595206,3659.6684247063235,2690.692536007448
622,265,879,18500,0.0209207721957035,0.8378458759301897,18773.253225070708,7663.827847695296
623,582,848,6500,0.0115219710369722,0.5446382094006148,6796.4437560361575,1655.7410851964678
624,377,724,12500,0.0202382146820393,0.8663012613507488,12792.517867572029,5447.365433862605
625,819,349,13000,0.0070658140950752,0.8722217004780121,13309.439246376722,5571.222568120192
626,3,748,24500,0.0249382075775458,0.9765561795409065,24921.673186158412,11872.913286368368
627,887,761,5000,0.0172477421587403,0.6002307101126263,5265.03091102496,1823.0057530337929
628,268,514,16500,0.0208494942787058,0.96204641458268,16885.692875224868,9786.148982661358
629,163,468,7500,0.0194514041309007,0.775359656449738,7805.5996452061945,3826.548303969185
630,643,55,16000,0.0104789880347923,0.8810577285981323,16269.444096418552,6555.488152041552
631,881,634,7500,0.005828715398906,0.6798763548184888,7777.893963657315,3803.1075194564614
632,130,269,11500,0.0146478794069061,0.5012163260787479,11723.466663617059,3194.4485582617685
633,601,88,22500,0.0119809868625177,0.9384866523751972,22749.63951314637,9886.808290352179
634,369,3,9000,0.0054208980628097,0.5469248871883392,9112.50280631925,2339.271116144234
635,840,419,22000,0.0112195957633936,0.9492643028216591,22317.9968748906,11052.797023156276
636,107,728,15000,0.0218544401476861,0.8773356015569159,15406.753127797669,7351.2469338081955
637,154,618,14500,0.0126303569450604,0.9731137941357246,14904.87239547961,7872.391121159231
638,601,183,8000,0.0202382456957909,0.7395005396370498,8314.171795246322,4720.71171528278
639,324,64,14000,0.0213878184408859,0.8530527566582,14304.494910860043,5658.507571962935
640,875,156,12500,0.0226128305845558,0.666906121679403,12804.377595172533,5652.791334292985
641,275,639,8000,0.0102166717796291,0.8633543999043687,8288.560561426393,4587.642137246484
642,352,303,10000,0.0189223395855954,0.675484451509004,10255.412424379581,4245.141998423598
643,362,862,18000,0.0094576397705538,0.9503484830335136,18396.14732508133,7950.203072693978
644,654,617,4000,0.0183803483011633,0.876112119217665,4257.894613757566,3019.091439130745
645,281,625,12500,0.0242026855971297,0.8277363299573282,12858.692208904395,5285.525834920778
646,310,377,4500,0.0170461994084468,0.7038338294631834,4738.002114677758,2492.6080115042255
647,348,551,7000,0.015355070671432,0.6712854087460631,7213.141243856917,2888.158079010244
648,165,263,5500,0.023546593752338,0.5591938616540213,5677.448533265555,2261.0980655635726
649,563,466,5000,0.0190595699884686,0.8596536537350778,5188.818565594863,3498.597078162175
650,339,518,3500,0.0201693169040013,0.7818834475250089,3668.0418327726143,2193.386140818236
651,518,884,9000,0.010691608225744,0.7176745935308928,9194.131484407037,2894.553196484151
652,40,490,7500,0.0085666756126621,0.8032960200037667,7912.246161681036,4276.819993504949
653,633,701,5000,0.0181614295402558,0.7281007071954188,5258.9793415224685,2376.043049576775
654,826,303,15000,0.0210958748757905,0.7559473507195675,15309.192512419268,5193.6895594184625
655,854,530,8500,0.0197163161600247,0.8919901520727331,8796.847850593018,4756.890936239102
656,548,410,8500,0.01405055179864,0.7507075512897408,8777.544290228258,4492.908395979984
657,457,768,10500,0.0145276278965344,0.8288364195855201,10868.276837332678,4138.679278046194
658,611,424,6500,0.0118887095854181,0.6494468578026866,6681.541196332771,2839.2955243946376
659,624,661,12500,0.0168606866107024,0.5899953085411718,12770.486401803135,3628.030724664906
660,200,74,5000,0.0196786028581866,0.7635683025247371,5269.5714231687725,2390.7951990083056
661,364,419,13000,0.0163675151825879,0.5746519515462418,13186.660816380352,5055.869430289335
662,403,787,9500,0.0057799842174437,0.7416015434385512,9793.465603186867,3696.696540683707
663,534,350,5000,0.0082234887256263,0.8498636558987922,5263.057103995027,3098.1116964709927
664,458,800,11500,0.0175474344882305,0.8179710199586343,11757.86822224923,4597.228907246139
665,321,44,8000,0.0060656082511788,0.7468432972724981,8218.08828821577,2985.4793011792694
666,381,802,7500,0.0112293284427828,0.5961815904636499,7689.802934403325,2710.5003950088058
667,697,92,12500,0.019050348902468,0.6923501725504,12751.762096614824,4514.150411816377
668,748,386,7000,0.0175893944158598,0.8261295330245944,7228.593649284219,4576.237009752655
669,615,540,8500,0.0171901468949001,0.42507793953273587,8594.618796659195,2648.896505657639
670,313,623,10000,0.0110104284458993,0.8511138307166846,10266.327802247488,4533.487872346073
671,676,46,10500,0.0070399487803514,0.47182340882491536,10798.8859925383,3224.6428411493353
672,841,477,19500,0.0211850072328255,0.9542663449409163,19848.799756574692,10293.576536589411
673,725,821,4500,0.0219011305062037,0.714868660842009,4820.272946618792,2029.7955093049393
674,835,579,12000,0.0160624862671919,0.9151969188338102,12308.495214551402,7283.934755656783
675,585,90,15500,0.0216020299835818,0.8817261321846581,15702.440259002446,6405.060581408607
676,767,267,13500,0.0122728584292199,0.884110857387089,13855.569220866662,5481.829695841287
677,655,452,14500,0.0163038746556754,0.8507171369440026,14803.284864399075,6754.172715501269
678,584,139,10000,0.0192917326879886,0.7786987797220525,10296.150688772426,4048.4252659609883
679,433,589,5500,0.0215165860555025,0.871832437391139,5766.601925532277,3185.62915897073
680,224,32,9000,0.0227404769546412,0.6908742025133936,9201.459441453864,2882.8722575727475
681,577,853,7500,0.0070433386869526,0.7775470611454883,7875.294570184767,2883.1966780107796
682,97,720,14000,0.0215188779428764,0.8158237303477143,14185.098091421096,5275.206041118871
683,667,456,4000,0.01602605437346,0.7797508699755116,4171.751858273005,2575.7539443707215
684,775,91,23000,0.0246896682450327,0.9713995880046551,23312.52136329562,10546.88341111899
685,304,596,15500,0.0111168573980924,0.8974970929179078,15883.11773603845,6743.2976354716375
686,899,205,13500,0.0182751733150667,0.7409565761878234,13699.105952801772,5989.701304436322
687,434,859,9500,0.0226567735217679,0.8070790316842655,9793.12653612426,3827.917622157108
688,564,27,10500,0.0184109299422173,0.7159901251140988,10755.355371528838,3586.4212350935
689,83,368,12500,0.0097881792485935,0.9040876094161021,12846.843895056174,6338.854683510206
690,393,386,12000,0.0190524216547232,0.7615763945654709,12296.563318017566,5885.426200438312
691,431,631,8500,0.0225085218652556,0.7213468529431613,8662.199779832517,2988.8331048331197
692,509,392,15000,0.0179854890893222,0.6576944284825341,15242.640479069312,4244.283798853791
693,481,575,3500,0.0054277165640722,0.7402640064788344,3814.640174308728,1778.4646927958452
694,752,229,17500,0.0210779779219307,0.9248808574642515,17865.200517755587,7873.54664227039
695,808,860,5000,0.0142661115510039,0.667533036344959,5204.398567612954,1800.0518245321007
696,143,656,10000,0.0243562731896877,0.6374702223819915,10208.69518526133,3445.414409804479
697,626,834,4500,0.0138974134528702,0.5321777009971371,4685.698253256356,1719.3629926318445
698,472,14,11500,0.0117955573916855,0.656244940599559,11675.713821169304,3943.297662701035
699,183,337,4500,0.0139363969142825,0.8813453736154052,4723.393279093506,2943.8374813539244
700,453,380,10000,0.0222012192877962,0.7700674857007772,10279.917845637308,4629.858819434156
701,409,759,11000,0.0154601885085904,0.6788626492031322,11265.512947457826,4147.4314007616995
702,161,273,6000,0.0186999066804497,0.8356597204100256,6291.41970924397,3226.8036435900553
703,534,96,16000,0.016716687947358,0.9488469611704887,16303.878860400098,6877.4891658179395
704,233,39,10000,0.0148019588642812,0.7621202469137074,10255.470605839362,3741.5285219520606
705,319,224,4000,0.008842900715117,0.6870515693245587,4155.266283762495,1912.2832069354993
706,211,531,15000,0.0111743909589755,0.911618595613733,15320.334516327204,7786.530291991082
707,612,262,11000,0.0115420378814154,0.8142126152181877,11285.597660817233,5076.15427460156
708,628,190,16000,0.0240383226676953,0.9243430330053812,16327.36774508824,8132.155534655888
709,115,314,9000,0.0204386542364907,0.9287933865900289,9303.88400868087,6218.123285421635
710,736,807,6500,0.0173508332119527,0.5976538143643566,6764.971201553101,2266.9636108058467
711,464,483,6000,0.020332473956411,0.7475553087244098,6178.905536561318,2943.026201214117
712,47,615,10500,0.021763378869349,0.8856997753720453,10910.26692183305,6668.579081223413
713,651,415,6000,0.0115248734400574,0.7614465693103238,6293.791083861624,2860.6814089680925
714,89,827,18500,0.0095982188108673,0.7249103630115352,18834.715711151493,7971.088252434912
715,427,33,8500,0.0082336153919726,0.6374328950716972,8806.219748099043,2743.291815498922
716,436,896,12500,0.006048656850379,0.7274050309281459,12674.273642446191,4170.781366033023
717,264,5,13500,0.0132293775814381,0.6994306991732715,13706.266361195954,4453.309023556234
718,98,374,7500,0.0158712420272082,0.7712462687909754,7806.3134611637615,3851.866399564807
719,703,348,8500,0.0237171847745308,0.8376263246101356,8850.71081823721,4761.078024789904
720,603,862,13500,0.0065083423495379,0.8878362381276655,13755.369326086313,5127.736783527097
721,807,475,6500,0.0129776696346605,0.8482872713930514,6785.502521152002,3974.1897915948443
722,856,12,16000,0.0169477163697261,0.5941992106434086,16337.736832411092,4909.9637746746785
723,16,709,13000,0.0228304827188092,0.7976293990573354,13266.252249260853,5859.382489750634
724,690,639,5500,0.0058779203013025,0.7719264549246694,5756.230208449177,3279.1461643548214
725,684,93,20000,0.0107485099830482,0.9705743908096972,20290.95318521479,8703.659648216082
726,737,298,13000,0.018218406998676,0.8871867280090526,13284.366830661262,5497.728802903688
727,389,221,11500,0.0164740891368627,0.9047878488748298,11871.79201151303,6377.739046332991
728,598,797,9000,0.0241238864603034,0.615440778197515,9264.20310234469,3135.0421938227714
729,740,693,9000,0.014857939197172,0.5814307804341214,9199.380581559402,3437.619785662012
730,405,606,8000,0.0246303391787256,0.7887917033778218,8238.236288105845,3611.751459525087
731,448,66,17000,0.0209326093371086,0.8862234177807263,17356.03493906803,6565.630475552591
732,762,314,8500,0.0152442854387798,0.8473714528835078,8775.576067992359,5135.451296546459
733,364,571,5000,0.0208838136223701,0.5723431737575216,5208.464445526111,1689.9690172785088
734,467,244,10000,0.0086808226016924,0.7216878220775393,10361.623396926507,3591.2338664463537
735,707,444,8000,0.0208249788998452,0.9105428305614212,8273.444324516151,4449.289857203779
736,90,188,5500,0.0151232903994061,0.8158027206844201,5741.885628661706,3629.2308983836792
737,326,758,16500,0.0195442792694783,0.8379669314993082,16823.156212644426,6702.33237877542
738,618,111,10000,0.013268616448976,0.7597632669312718,10242.546099997084,3942.518498923738
739,544,6,10000,0.010732764285462,0.6302869044871537,10239.534481827182,3653.684791532706
740,245,434,7500,0.0128729513757663,0.8229618807308605,7789.7269346308585,4523.512017102571
741,53,621,10500,0.0199058065378323,0.7333134272174635,10820.42361589858,5245.1853469401985
742,288,693,14500,0.0158785515589784,0.9148830514145976,14736.40733633152,6262.578296191482
743,47,388,11000,0.0121574880169805,0.4770395092985076,11227.066269096129,3353.010513451421
744,533,223,10000,0.0198711740432031,0.936398941200445,10330.125980609098,5708.627474855306
745,620,155,15000,0.0105222140957051,0.861395185758079,15280.726997240788,5396.3814857576435
746,78,770,12500,0.0103703483996479,0.7997152484017709,12879.395216366172,4531.249126102254
747,840,107,21000,0.0218556887491967,0.8742024212360469,21347.315344897106,10669.127738540592
748,23,433,12000,0.0161318432024665,0.8743770344800904,12264.46961572259,5188.853059949911
749,231,254,4000,0.0053191548270423,0.8576967007095799,4152.287979993794,2920.4304886512764
750,890,456,14000,0.006060128385198,0.872931462432093,14420.72789279167,7933.889961525518
751,56,659,11500,0.0237300242520212,0.6622213356225806,11794.006405694354,3322.650106493969
752,619,828,4000,0.0230370228440358,0.4761370110207622,4183.120416410632,1432.3597131079175
753,808,530,8500,0.005679148692412,0.9094466792519791,8823.560565889771,5296.1243442334135
754,343,350,3500,0.0129907471735128,0.699751882353819,3629.077650747758,2129.111300105223
755,305,522,7000,0.0172542752855361,0.8734154418915936,7295.439413946866,4531.110124087528
756,507,500,3500,0.011237612245601,0.8409660893231095,3690.6996709211044,2453.46199500006
757,91,821,17000,0.0157856081973626,0.8956582267725983,17336.54685662028,6685.605519737548
758,505,707,7500,0.0107627325480798,0.5436276767871064,7675.9841261417705,2123.978884215262
759,462,846,9500,0.0059561245736347,0.698167774812972,9828.452351740229,2853.37933712055
760,864,84,13000,0.0221976825447299,0.7644682291742244,13402.149738664077,5548.241782391478
761,313,450,9000,0.0090077582048258,0.5974844737124922,9200.598877411892,2746.8332662371886
762,656,128,17500,0.010953684159392,0.9457719852011974,17774.300237512074,8143.2780687520935
763,639,601,4500,0.0195787132752042,0.5149759488149364,4583.90878999979,1521.7514650169087
764,393,792,11000,0.010761075307586,0.9003477802618123,11378.726634117824,5040.063400403571
765,874,388,20500,0.0154189970819641,0.9568898050069238,20732.57392465477,9851.346068387009
766,780,435,13500,0.0091324387738456,0.8663913641887973,13909.929175934194,6423.4419529621
767,73,61,6000,0.0247030293941411,0.6493633839213232,6256.713966777313,2797.2435504921104
768,370,469,6000,0.0185823838674402,0.6687643323607941,6243.038178710921,2788.1617960001076
769,75,730,13500,0.0193934519231583,0.786963260042633,13778.834111065134,6113.622650588845
770,90,653,20500,0.0132337077729913,0.9287836515050412,20770.715517539113,10042.636648355363
771,875,294,19500,0.0167116981004918,0.9662708985474252,19759.408096739982,9532.385017937186
772,247,856,14500,0.0248510543351912,0.8527132976170001,14809.310010765372,6153.9337368899105
773,60,853,19500,0.0083040433032412,0.9361773127718047,19734.100589787005,7544.40811080531
774,527,544,7000,0.0182951761991023,0.7315178343551565,7185.783639361069,3191.2068299420903
775,680,297,10000,0.014704513945027,0.7917371223080252,10306.190826541791,4269.1035503493895
776,525,501,3500,0.0087635273993052,0.6724854592229902,3637.592346050502,1847.554272093845
777,24,179,5000,0.0193351738676285,0.39336410379556175,5107.236952072473,1357.310596514294
778,717,505,4500,0.0082810924019509,0.8231388366524603,4666.413061107416,3017.598721978121
779,127,533,14500,0.009599637278726,0.8643498543031829,14931.81215234325,5297.557674201695
780,176,364,14500,0.0076871035429946,0.9537505154481347,14935.664907735194,7425.475251351772
781,817,383,15500,0.0149020789746611,0.9595634671040525,15899.207107446467,6767.460151729577
782,263,570,17000,0.022591278131785,0.8099427188411101,17278.34157955276,8222.272180794198
783,574,672,5500,0.0156225133341741,0.8118519973497444,5767.3157819252365,2956.2479720480283
784,284,609,8000,0.0195942870771582,0.8220974743762104,8274.178066638493,4027.9166722145346
785,742,435,8500,0.0112777356668096,0.8383212520649262,8810.96223286559,4664.933574584876
786,128,453,8000,0.0249392488022307,0.9351823499525402,8317.384808436738,4430.837891852037
787,488,125,7500,0.0128940888470754,0.6308940630720189,7769.394348000368,2451.6951967604678
788,805,661,14000,0.0217932291018521,0.6181833731540779,14234.794004632295,5263.638995601297
789,719,514,15500,0.007202594551589,0.8408154131477372,15917.761998077369,8162.274019277675
790,179,234,3500,0.0076771233596962,0.677760982527855,3731.812737834847,1377.768203017189
791,40,406,9000,0.0194344503276467,0.8280698047050409,9365.417589844927,4486.675395717445
792,501,123,15000,0.0153816432387839,0.85124217502265,15307.533259815713,5270.954433623871
793,835,541,16500,0.0178675344761671,0.8099094369298213,16833.084546901562,8318.610638620288
794,143,514,16000,0.0172250290333757,0.980123164991621,16459.861712641065,8525.745323021109
795,437,69,10000,0.023609665864585,0.8202074499276164,10308.995598619682,3912.5625353764517
796,546,143,15500,0.007433292970381,0.8697522766336379,15906.176798538505,5957.296812152748
797,801,455,13500,0.0205794701461026,0.8530546681140018,13736.633615263037,7122.514246432533
798,676,455,9000,0.0081268857386248,0.6565585092091804,9265.929959742785,3347.7525806718377
799,406,801,9000,0.020896412654826,0.7936711417667861,9226.572922437452,4047.031986514126
800,654,25,11000,0.0156222868538628,0.6755975258432055,11231.159533353682,3661.4465762051777
801,154,423,5000,0.0204258244065575,0.9198693039096568,5293.0315198017925,3503.800496258546
802,356,333,11500,0.0232020623641166,0.753275539808506,11887.187118803558,5148.910622204077
803,478,214,16000,0.0088588880315391,0.8532925432631052,16386.10729005295,6861.688054794637
804,588,404,5000,0.0124706513961982,0.7147842479421069,5241.468214044864,2527.5708439031223
805,266,485,14500,0.0190991394071041,0.9340263208347493,14865.914759835665,7752.266712748286
806,743,494,8500,0.0101558638229995,0.88426316660996,8919.528812218385,4879.768024463467
807,69,750,16000,0.010161631749963,0.8200436096117791,16241.617160223328,5360.432997096557
808,582,350,8000,0.0194079894266992,0.7635466085034321,8262.337868911434,4506.8992758725435
809,1,234,15000,0.0202297757843945,0.8417481042963926,15302.908569329073,8140.911893612867
810,383,637,12500,0.0188657035131246,0.8041108815518309,12854.954410475839,5859.357283046344
811,168,34,9000,0.0186997970309251,0.7345686784011205,9204.735391362898,3643.0006523573725
812,137,531,8500,0.0164389879280781,0.714599337545454,8831.125397282989,3728.9921614161512
813,474,550,8500,0.0216922130197582,0.7208879195617358,8711.229222106147,4189.042955452934
814,473,220,10500,0.0153381136708231,0.8971032422288684,10834.923757115646,5864.51154464146
815,778,100,20000,0.00800582757662,0.9584401129776503,20334.768773512576,8655.473232113205
816,658,522,10000,0.0169667518733837,0.9280694220669073,10313.11816514774,6755.872895996831
817,750,509,19000,0.0117209567489617,0.8940197156548024,19376.889358608034,8006.070616780403
818,803,594,4000,0.0242160957015293,0.8791099024254775,4318.321098152201,2742.9753404593966
819,535,107,11000,0.0173141210669351,0.9133217922887235,11279.406231919227,5081.128229572348
820,609,436,6500,0.0077024995645344,0.8597837244361624,6712.969644155474,4272.651006243727
821,451,228,12500,0.0229367439668571,0.7602769461859012,12794.648128461431,5117.379710228031
822,430,350,6500,0.0059563759604399,0.5062152448769466,6657.32569858676,2158.9418958030474
823,660,755,4000,0.0153148663208052,0.7933481362969731,4202.533698825842,1981.4750145977252
824,111,788,18000,0.0169098002872476,0.9021790877040645,18269.550223555907,8570.114181305114
825,655,518,10500,0.0136684143930335,0.8928318770337591,10848.764799925431,6339.0926311499425
826,332,802,17500,0.0194023804449307,0.9447947234433272,17867.7733277203,8656.692082752912
827,26,507,8500,0.0177525013378723,0.8684898566384015,8697.59116032578,5579.6520087682065
828,647,147,13500,0.005210175850835,0.8469998830466312,13775.022964334486,5430.897421744327
829,321,837,11500,0.0218675148654669,0.6313995944935235,11673.957482690752,3922.3315517611118
830,248,895,19000,0.0193998381006632,0.9112984329575561,19273.659103668895,7852.084713334025
831,18,412,8500,0.0126768031482332,0.5863832375841131,8753.476664894444,3870.1327044673167
832,589,661,10500,0.0247884230884229,0.5795814569786342,10635.19645586726,3480.9930359994105
833,741,330,17000,0.0160120878399575,0.6800329876598266,17160.03457574045,7008.473235155204
834,515,611,4500,0.0066714937442933,0.8207705906151794,4799.857611749446,2671.011155817903
835,686,786,12000,0.0113547866059786,0.4394130596177206,12209.057109979043,2285.2976689858256
836,837,524,11500,0.01004992882614,0.9364486312071673,11926.792979702534,6993.96648693018
837,492,364,6000,0.0248796609485904,0.6601604273235975,6196.317066625843,2475.151440868568
838,222,27,11000,0.0116106820973953,0.6363788322289512,11224.630722828144,2878.955350446698
839,214,630,9000,0.0112881001444098,0.6412569715099906,9185.713751049174,3124.2359391939885
840,848,173,19000,0.0063651933623286,0.9583684997398805,19364.57935907653,7480.626509353601
841,201,248,7500,0.007493905989714,0.7804636397209268,7726.725567004094,3936.9125036317023
842,768,133,13000,0.0129093320449306,0.7932940248335836,13394.736914505876,4493.758822051029
843,279,93,6000,0.0187940622829826,0.706887293263706,6254.312233443883,2348.1070238372226
844,369,845,10000,0.0138335708085657,0.7819234725434703,10354.2340202891,4101.098980417612
845,759,63,14500,0.0115188596112071,0.6853111908883441,14813.643293159561,4491.8063142965275
846,706,845,8000,0.0110216119690128,0.5633605744478214,8263.001482130916,1788.9813265707464
847,406,866,12500,0.0228644885674787,0.7975616580274274,12712.811910757455,4747.694862121689
848,14,352,9500,0.0144824644767979,0.6544896578067735,9792.724749355708,3989.4178571200105
849,510,362,3500,0.014370109795195,0.5401884916501883,3811.7915125866866,1118.1183237533712
850,345,146,9000,0.0186945257309195,0.6814231527076617,9240.443969532693,3075.3413169807372
851,484,210,6500,0.0156750871811721,0.5350285457153847,6699.251071609897,1482.9982014414984
852,764,57,18500,0.0115505609656954,0.899313838479515,18704.788260651334,7421.028581749753
853,544,245,5500,0.0238460349257178,0.7416808364354354,5699.289429454959,3320.3049075354043
854,493,773,9500,0.0133627318035424,0.8287468598515015,9766.257763348247,4191.359496840648
855,658,183,20000,0.0155044059520804,0.9393519113391261,20269.050272262873,9360.95691989877
856,726,67,11500,0.0153281395885777,0.6202671496999023,11740.053317845799,4528.376912294838
857,845,610,6500,0.0133177090372592,0.9297999787420795,6754.982437930433,4912.7777976677335
858,78,720,20000,0.0175433857813739,0.953523277834908,20280.1348199806,8091.7266075089165
859,40,863,20000,0.0086866523443429,0.8836258443005971,20409.682089688988,6640.6143928201145
860,860,397,14000,0.0186604446788117,0.8983448100769237,14372.05430479567,8277.57637658456
861,77,295,7500,0.0073122482528538,0.6092804726332774,7834.429344711144,2440.417950984638
862,830,300,18500,0.0174292394127168,0.837008342602335,18808.66052617733,7887.6169785159
863,373,4,10500,0.0124208480361343,0.6159935193194879,10738.930458732195,2914.790844179132
864,114,850,19500,0.0129098805709964,0.8944878412612807,19850.7835612691,8956.598355697697
865,690,344,13000,0.0191572228248447,0.8715744442896391,13302.551697410876,7413.783823815954
866,593,153,17000,0.0148981619051926,0.9532522369215801,17301.630959575163,7406.549293416149
867,828,687,7000,0.0108537565059752,0.7373631276029531,7250.704856200254,2902.5829556980584
868,587,72,11000,0.0196717077124375,0.8359045106844564,11330.774820010818,4900.118012286358
869,340,620,9500,0.014434498551221,0.8494197813734181,9765.538467193152,4258.849197699123
870,15,532,12000,0.007651747592917,0.6967421510207306,12343.517281581975,3978.697853587613
871,763,873,7000,0.0126425204729595,0.3717919520851529,7106.377987223891,1037.8061428186338
872,220,168,5000,0.0087257561737208,0.4327407531487678,5075.912073135506,1634.2654042588147
873,231,10,9000,0.0173490461828421,0.6593439941859762,9179.446489712049,3539.3036746095045
874,403,835,13000,0.0225746506445634,0.8844425082009009,13235.62448516732,5209.206810566749
875,164,426,8500,0.0091232007821256,0.8095141468213602,8830.568024461749,4214.423190724893
876,144,568,9000,0.0222818309128566,0.6371079774019585,9256.881166159703,2966.402017072049
877,12,113,7000,0.0053190475335186,0.6301178314569232,7326.002430404267,2500.6788175913794
878,341,636,7500,0.0097719451502084,0.7516821012168529,7748.866505097257,3142.606143367629
879,114,163,6500,0.0054951165282212,0.8936323912436007,6783.98457665976,4415.772195618816
880,477,6,18000,0.0117048270497154,0.8453475264796945,18283.126810110178,6190.422342966937
881,259,104,5000,0.0117981972908719,0.7497778849517389,5276.230418383437,2278.9190887424847
882,599,305,16500,0.0215122092296977,0.8319313631095024,16861.73015541636,7910.896661811456
883,2,409,15000,0.0089676000147792,0.957586085957505,15259.905446064495,9157.302682922189
884,164,483,11000,0.005884398327527,0.9467744196038302,11347.929778121414,5607.664087415252
885,427,679,10000,0.0178430670665132,0.9109205383559682,10359.964304442132,4618.53775240515
886,790,894,8500,0.0145627104803344,0.6964174211518266,8687.153938599131,2552.0470087152567
887,746,789,9500,0.0235346519479412,0.6823753316192058,9707.16761953882,4410.720673688911
888,657,338,14500,0.0129775343852575,0.9220333043659039,14829.551678774707,7347.407198935649
889,880,837,9500,0.0130248720559636,0.648130537819978,9659.22200395788,3168.2349029179495
890,266,584,11500,0.006603770629751,0.9205105347793576,11886.401882635859,6194.932582732214
891,152,628,20500,0.024736858866697,0.8985788995468962,20837.402422816984,9817.186133682
892,856,685,7500,0.0216003658323691,0.8634529233215655,7756.536507664149,3740.8812131931486
893,250,20,9000,0.0097822592196146,0.623222114955126,9144.612767374194,2822.4976529118544
894,758,103,13500,0.0217935848197043,0.7665164247340619,13925.032328779034,5443.018585032573
895,374,150,10500,0.0112760140652078,0.6530905914532303,10747.018605829573,3370.768751197232
896,763,575,7000,0.0068981156050094,0.5743635757963268,7263.128672974935,2428.2527422826734
897,610,90,13500,0.0100707236451038,0.7695620577899802,13699.627030790474,4218.377619968598
898,267,833,11500,0.0071706525413562,0.6509483612747176,11785.344562149197,4302.282485583948
899,658,682,3500,0.0121515418178592,0.8462638348442918,3717.3891512270843,2458.644315281997
900,609,410,9000,0.0242523135009931,0.8272326145994586,9201.309009345161,5342.715847102366
901,340,267,10000,0.0068245058299786,0.5625627990235824,10305.629396065133,3036.5667098059516
902,161,508,14000,0.0101918968572616,0.7608684571045132,14336.55655458252,5408.56550109857
903,861,273,18500,0.0185117368619098,0.890187900327584,18814.13613666715,8801.052558253266
904,890,509,11000,0.0194422182165295,0.7857844092772585,11169.111546333856,4271.714475607234
905,334,640,8000,0.0117284701554779,0.9081737478467035,8315.113727654543,4681.499224615315
906,349,282,4500,0.0108379588545637,0.696725291415908,4780.376464848422,2009.2156060161979
907,181,368,6500,0.0076274664434978,0.9087322765011363,6756.635070988576,4278.058105941587
908,69,689,20000,0.0249874993439935,0.869180576630417,20397.746823058158,7650.8314256588055
909,783,631,3500,0.0179344899565456,0.581164816986102,3671.497579840163,1288.1513355831094
910,841,537,18500,0.0094143238843862,0.9495185034278287,18884.188845877565,9482.402739690271
911,624,420,15000,0.0078263223277588,0.7451870314628468,15210.457785116412,5607.213285659033
912,237,512,17500,0.0207467677801536,0.9203586789275273,17904.689734065065,8947.633349820528
913,366,661,7500,0.0117500145656313,0.7214291672627173,7727.658984952526,2452.559206158498
914,490,216,6500,0.0054745192626282,0.5230837371779398,6697.122339449042,1953.3314663833964
915,414,731,12000,0.0139388593044132,0.6441680217131125,12333.297646811769,4596.323492480494
916,23,415,7500,0.0186931582426381,0.7127003077351438,7692.787733544317,3493.055928064236
917,757,260,15000,0.0238355640160693,0.8760656626727183,15287.020498120804,7258.149496714237
918,544,809,16500,0.0064753775471163,0.8494080089334678,16718.91931680329,5055.984140191435
919,546,764,7500,0.020776266737716,0.8380582074237126,7740.931731427739,3269.876791457308
920,287,464,4500,0.0156575119863054,0.7525439568957444,4720.5141343546575,2651.649389091928
921,688,394,16500,0.019990028520899,0.8772910236694584,16818.39502744236,7737.093515574258
922,736,116,15500,0.014733658749206,0.8797257093271624,15748.812422276962,6283.321312164611
923,419,816,18500,0.0081670621277959,0.7289951409772444,18841.508451846075,6425.507919308574
924,233,557,8500,0.0220465523064812,0.8634537465685571,8769.32775307262,5157.305489670322
925,224,628,13500,0.0073884825807598,0.7867011807543639,13766.60621902392,4820.194731094267
926,721,278,11000,0.0095799098464346,0.793112799589692,11461.570611559302,5788.079803035176
927,769,45,14000,0.0176771061459907,0.7761821774598286,14358.772645651483,5145.19898781087
928,175,327,3500,0.0188537216322185,0.5991174238173522,3655.697985576806,1511.0639844961067
929,879,439,12500,0.0058448438347513,0.8488332898813028,12748.507176488916,6093.42820572918
930,499,296,7000,0.0203060335684131,0.7749586162798449,7269.696562005803,2651.2212011110255
931,364,753,7000,0.0249186342780106,0.7463879136677121,7244.190068558015,3357.8343705495527
932,146,814,22500,0.0183690232097608,0.9710490146764199,22938.255494021745,11008.351239209935
933,496,706,3500,0.0081397680342704,0.6046485783167184,3623.150333243563,1740.0371393533576
934,80,833,14000,0.0219756846095112,0.6465103764739712,14172.752110238493,5106.148489445901
935,725,830,9000,0.0085216252018746,0.8062372772242908,9427.226037627348,3758.4445062003156
936,745,250,15500,0.0171833936790981,0.9603216654206559,15850.755677709301,8052.133352346225
937,69,26,9500,0.0109880369489011,0.5727417734918898,9641.192243577729,2424.9569857771776
938,374,332,6500,0.0124180622564656,0.5508029032797453,6724.942777651928,2240.000942321109
939,436,216,8500,0.0235113073422374,0.6605000530013074,8745.726532999523,3207.257666160717
940,368,674,8000,0.0190190537259899,0.8771083534732615,8257.402607407168,4187.139304412738
941,832,461,11500,0.0233692542360612,0.9292433176421067,11839.017323839362,6867.373679760314
942,101,676,12000,0.0102023815503154,0.7575721308718046,12249.279989957824,4808.088207596916
943,869,91,26500,0.0218439715333737,0.9424410807126226,26729.109943158892,13270.589826379568
944,678,461,7000,0.0114413632431199,0.777804594373553,7330.482322784988,3264.6234209174145
945,852,3,18500,0.0125213240901978,0.7998473589887756,18874.602397587245,7251.605629736448
946,514,891,14500,0.0074666798624368,0.9328329552454161,14692.15426454767,5311.040721428266
947,820,534,12000,0.0071196081353217,0.9607750299130592,12380.591173658999,5759.431038364079
948,522,689,11000,0.017058634607848,0.6838163078436443,11178.813130979377,3989.9173481771145
949,382,26,8000,0.0086167299514639,0.5500615278996375,8202.359636823408,1706.9679105767245
950,312,61,9500,0.0153311244206449,0.7090235546875023,9777.329468419362,3240.8537607593894
951,523,592,5500,0.0163930621006967,0.7250472924196744,5768.176630851911,2919.6467728638386
952,452,591,11500,0.0226117544007615,0.8558642881918067,11899.725764628774,6053.835504856066
953,427,249,4000,0.0107226051100911,0.4949850993826389,4203.52216679394,1208.9749479670056
954,260,41,8000,0.0161822423233089,0.8044999953254492,8258.434217307697,3540.71329990613
955,869,281,18500,0.0171232504708574,0.9443286560652645,18781.81723739217,10931.563638276837
956,178,276,13000,0.0198778895222293,0.8576195752121467,13408.434480637241,5905.531340275082
957,867,276,20000,0.019696278206125,0.9108776606796132,20364.625563538513,9012.305055947325
958,552,653,7000,0.0073485135567127,0.709319095522247,7296.837641498608,3197.3503390114915
959,313,231,5500,0.0191964253526613,0.6396121242588015,5681.745844248359,2174.0929915639404
960,193,76,3500,0.0242643463875893,0.4414697875280176,3650.027388954745,969.8073681526766
961,95,55,11000,0.0164461599900412,0.5755730694339765,11203.010176765069,3963.738049626426
962,872,283,15500,0.0098260255080926,0.8873287150397533,15824.086825206925,8865.319755051887
963,550,183,9500,0.0140529791991042,0.699258801512095,9798.341359768065,3174.2536422215517
964,542,408,10500,0.00811816976384,0.8197444274072919,10847.670284038275,4878.461880038514
965,314,49,7000,0.0161674272214271,0.5776170222568808,7221.751931147275,2218.5654638631604
966,259,156,8000,0.0185445991168986,0.76176332136546,8319.602347005717,3610.2182669383324
967,593,545,9500,0.0085608491535518,0.8130076667822856,9912.05609131073,5065.018720037826
968,393,554,8000,0.0237068085717752,0.9059162763906912,8298.509739872025,4936.687713225849
969,670,779,11000,0.0190513439631302,0.5865483059784216,11196.632135757009,2824.3370796856375
970,740,176,12500,0.0070430284590075,0.818127305817776,12823.386464995472,5279.506286693156
971,634,53,19500,0.0217181490496236,0.8982439607779016,19820.36566247986,9108.442110970422
972,346,591,6500,0.0163526155618384,0.7054609762101838,6682.364657406978,2970.119814162235
973,247,168,7000,0.0141191210282406,0.49242016372863484,7216.557993610662,1925.9513022621782
974,625,828,7000,0.0170719028510497,0.5691150265642047,7251.206121269911,2379.7222774366865
975,184,148,13000,0.0064257220629896,0.5273459026079492,13240.853116695933,2684.283400252619
976,863,798,3500,0.014449458731842,0.8203754831973793,3725.842232492978,2249.872237572364
977,679,789,7000,0.0075600820580191,0.44842903129364453,7228.902254837149,1442.8353037029767
978,395,585,8000,0.0166523753648334,0.8897419037066239,8323.615443764138,4337.506703488115
979,155,723,10500,0.0217419767132064,0.8462829676786328,10842.636200321207,4295.251168007484
980,173,766,13500,0.0081859855186314,0.7713278614423946,13785.58872401539,5806.976633914805
981,339,132,5000,0.0099646241582627,0.5501890152163866,5272.927398594713,1632.2355975505116
982,193,496,6500,0.0238626793962233,0.8335379048978514,6756.877320645524,3954.4027691492342
983,24,200,5000,0.0179751708581665,0.6775172652973243,5218.854147098529,2425.0107974212106
984,113,380,6000,0.0107286899772643,0.7915839140367121,6190.767766147082,4295.559853345865
985,165,630,15500,0.011193366203767,0.8689419641339982,15706.653842763882,6535.698129168031
986,250,625,13500,0.0176270319556617,0.8652723494769585,13806.999511751526,5781.259219211957
987,188,614,10000,0.0202408758763685,0.8610880873923717,10284.1873398063,5184.428639085571
988,225,479,11000,0.0194081619628218,0.5824369678430383,11150.792293318009,3168.306842439218
989,827,670,6000,0.0081723244534446,0.5680533237523295,6188.4625720198055,2099.4680669245295
990,700,414,12000,0.0174204567333174,0.9452237200225045,12338.50608631606,5999.869589241465
991,339,636,6500,0.0126201947591257,0.7048163799952947,6736.470934991208,2857.4523081610564
992,592,525,4500,0.0170293961288464,0.7729220616012052,4769.308825469305,2672.44581874413
993,95,416,15500,0.0062505577587121,0.7920893387861785,15803.32499263648,5894.465174433169
994,876,645,8500,0.0117196965922285,0.9122933189899591,8684.272741296547,5443.759109033187
995,125,557,13000,0.0184511497052715,0.939379507679405,13338.856720940934,7288.057973292079
996,135,820,14000,0.0134448058792556,0.6712892854148202,14182.671239209336,5280.444051631718
997,800,89,16500,0.0205026904773279,0.8239110772442362,16728.483065880257,4545.153840788985
998,42,523,8500,0.0176133793476255,0.8695142870119127,8809.60436089121,5107.005560234439
999,308,235,10000,0.0235617712807445,0.7387461746357062,10178.636186407088,3933.540773611677
